custo;valor debito;custo fixo;custo variavel;pendente;data pagto;semana;data pagamento;tipo;dt_pagto_bq;dt_custo_bq
feira;50;1;0;0;01/12/2016;4ª semana;31/12/2016;feira;2016-12-01;2016-12-31
fogos;35;1;0;0;01/12/2016;fim de semana;31/12/2016;pessoal;2016-12-01;2016-12-31
padaria;29.08;1;0;0;01/12/2016;fim de semana;31/12/2016;padaria;2016-12-01;2016-12-31
mercado;48.81;1;0;0;01/12/2016;fim de semana;31/12/2016;mercado;2016-12-01;2016-12-31
mercado;17.99;1;0;0;01/12/2016;fim de semana;31/12/2016;mercado;2016-12-01;2016-12-31
sorvete;14.2;1;0;0;01/12/2016;fim de semana;31/12/2016;alimentação;2016-12-01;2016-12-31
benção;37;1;0;0;01/12/2016;fim de semana;31/12/2016;benção;2016-12-01;2016-12-31
cabelereiro;30;1;0;0;01/12/2016;4ª semana;30/12/2016;pessoal;2016-12-01;2016-12-30
padaria;22.48;1;0;0;01/12/2016;4ª semana;30/12/2016;padaria;2016-12-01;2016-12-30
almoço samuel;7.54;1;0;0;01/12/2016;4ª semana;30/12/2016;almoço;2016-12-01;2016-12-30
guapira;65;1;0;0;01/12/2016;4ª semana;30/12/2016;lazer;2016-12-01;2016-12-30
costela de porco;30;1;0;0;01/12/2016;4ª semana;30/12/2016;almoço;2016-12-01;2016-12-30
mercado;195.59;1;0;0;01/12/2016;4ª semana;30/12/2016;mercado;2016-12-01;2016-12-30
sorvete;21;1;0;0;01/12/2016;4ª semana;30/12/2016;alimentação;2016-12-01;2016-12-30
lanche guapira;45;1;0;0;01/12/2016;4ª semana;30/12/2016;alimentação;2016-12-01;2016-12-30
agua/chocolatado;7.79;1;0;0;01/12/2016;4ª semana;29/12/2016;alimentação;2016-12-01;2016-12-29
mercado;27.3;1;0;0;01/12/2016;4ª semana;28/12/2016;mercado;2016-12-01;2016-12-28
suco;3.5;1;0;0;01/12/2016;4ª semana;28/12/2016;alimentação;2016-12-01;2016-12-28
mercado;5.3;1;0;0;01/12/2016;4ª semana;28/12/2016;mercado;2016-12-01;2016-12-28
milk shake;10;1;0;0;01/12/2016;4ª semana;26/12/2016;alimentação;2016-12-01;2016-12-26
combustivel;180.17;1;0;0;01/12/2016;fim de semana;25/12/2016;carro;2016-12-01;2016-12-25
cabelereiro;50;1;0;0;01/12/2016;fim de semana;24/12/2016;pessoal;2016-12-01;2016-12-24
feira;50;1;0;0;01/12/2016;fim de semana;24/12/2016;feira;2016-12-01;2016-12-24
almoço;20.9;1;0;0;01/12/2016;3ª semana;23/12/2016;almoço;2016-12-01;2016-12-23
comgas;31.9;1;0;0;01/12/2016;3ª semana;22/12/2016;casa;2016-12-01;2016-12-22
multa;153.23;1;0;0;01/12/2016;3ª semana;22/12/2016;pessoal;2016-12-01;2016-12-22
suco;6.5;1;0;0;01/12/2016;3ª semana;22/12/2016;alimentação;2016-12-01;2016-12-22
wendys hamb;20.5;1;0;0;01/12/2016;3ª semana;22/12/2016;alimentação;2016-12-01;2016-12-22
ferro de passar roupa;102.99;1;0;0;01/12/2016;3ª semana;21/12/2016;pessoal;2016-12-01;2016-12-21
gasolina;50;1;0;0;01/12/2016;3ª semana;21/12/2016;carro;2016-12-01;2016-12-21
unha pe e mao;63;1;0;0;01/12/2016;3ª semana;21/12/2016;pessoal;2016-12-01;2016-12-21
lanche;2.2;1;0;0;01/12/2016;3ª semana;20/12/2016;alimentação;2016-12-01;2016-12-20
salgado;90;1;0;0;01/12/2016;3ª semana;20/12/2016;pessoal;2016-12-01;2016-12-20
salgado lanche;16.2;1;0;0;01/12/2016;3ª semana;20/12/2016;alimentação;2016-12-01;2016-12-20
panetonne;20;1;0;0;01/12/2016;3ª semana;20/12/2016;alimentação;2016-12-01;2016-12-20
divergente pre 13;181.8;1;0;0;01/12/2016;2ª semana;20/12/2016;divergente;2016-12-01;2016-12-20
divergente pos 13;38;1;0;0;01/12/2016;3ª semana;20/12/2016;divergente;2016-12-01;2016-12-20
sorvete hagg;13;1;0;0;01/12/2016;3ª semana;19/12/2016;alimentação;2016-12-01;2016-12-19
mercado;22.79;1;0;0;01/12/2016;fim de semana;18/12/2016;mercado;2016-12-01;2016-12-18
feira;70;1;0;0;01/12/2016;fim de semana;18/12/2016;feira;2016-12-01;2016-12-18
brooksfield;199.76;1;0;0;01/12/2016;fim de semana;17/12/2016;pessoal;2016-12-01;2016-12-17
janta samuel;20.49;1;0;0;01/12/2016;fim de semana;17/12/2016;lazer;2016-12-01;2016-12-17
estacionamento;32;1;0;0;01/12/2016;fim de semana;17/12/2016;carro;2016-12-01;2016-12-17
sorvete;13;1;0;0;01/12/2016;2ª semana;16/12/2016;alimentação;2016-12-01;2016-12-16
mc donalds;16;1;0;0;01/12/2016;2ª semana;16/12/2016;alimentação;2016-12-01;2016-12-16
festa happy hour;30;1;0;0;01/12/2016;2ª semana;16/12/2016;lazer;2016-12-01;2016-12-16
suco;3.5;1;0;0;01/12/2016;2ª semana;16/12/2016;alimentação;2016-12-01;2016-12-16
consorcio;636.17;1;0;0;01/12/2016;2ª semana;15/12/2016;investimento;2016-12-01;2016-12-15
UNICEF;50;1;0;0;01/12/2016;2ª semana;15/12/2016;doação;2016-12-01;2016-12-15
lanche;2.2;1;0;0;01/12/2016;2ª semana;15/12/2016;alimentação;2016-12-01;2016-12-15
bk lanche;16.9;1;0;0;01/12/2016;2ª semana;15/12/2016;alimentação;2016-12-01;2016-12-15
suco;3.5;1;0;0;01/12/2016;2ª semana;15/12/2016;alimentação;2016-12-01;2016-12-15
contador;145;1;0;0;01/12/2016;2ª semana;13/12/2016;contador;2016-12-01;2016-12-13
caldo verde;4;1;0;0;01/12/2016;2ª semana;13/12/2016;alimentação;2016-12-01;2016-12-13
café;4.98;1;0;0;01/12/2016;2ª semana;13/12/2016;alimentação;2016-12-01;2016-12-13
suco;3.5;1;0;0;01/12/2016;2ª semana;13/12/2016;alimentação;2016-12-01;2016-12-13
starbucks;6.9;1;0;0;01/12/2016;2ª semana;13/12/2016;alimentação;2016-12-01;2016-12-13
salgado;9.2;1;0;0;01/12/2016;2ª semana;13/12/2016;alimentação;2016-12-01;2016-12-13
doces/pipoca;8;1;0;0;01/12/2016;2ª semana;12/12/2016;alimentação;2016-12-01;2016-12-12
bolacha;11;1;0;0;01/12/2016;1ª semana;09/12/2016;alimentação;2016-12-01;2016-12-09
custo total aluguel;1437.5;1;0;0;01/12/2016;1ª semana;08/12/2016;casa;2016-12-01;2016-12-08
café;6.75;1;0;0;01/12/2016;1ª semana;08/12/2016;alimentação;2016-12-01;2016-12-08
suco metro;3.5;1;0;0;01/12/2016;1ª semana;08/12/2016;alimentação;2016-12-01;2016-12-08
café;8.5;1;0;0;01/12/2016;1ª semana;08/12/2016;alimentação;2016-12-01;2016-12-08
suco metro;3.5;1;0;0;01/12/2016;1ª semana;07/12/2016;alimentação;2016-12-01;2016-12-07
mcdonalds;15.5;1;0;0;01/12/2016;1ª semana;06/12/2016;alimentação;2016-12-01;2016-12-06
taxa conta corrente;52.4;1;0;0;01/12/2016;1ª semana;05/12/2016;banco;2016-12-01;2016-12-05
lis/juros;32.66;1;0;0;01/12/2016;1ª semana;05/12/2016;banco;2016-12-01;2016-12-05
benção;100;0;1;0;01/12/2016;fim de semana;04/12/2016;pessoal;2016-12-01;2016-12-04
feira;70;0;1;0;01/12/2016;fim de semana;04/12/2016;feira;2016-12-01;2016-12-04
estacionamento;200;0;1;0;01/12/2016;fim de semana;03/12/2016;carro;2016-12-01;2016-12-03
mercado;87.12;0;1;0;01/12/2016;fim de semana;03/12/2016;mercado;2016-12-01;2016-12-03
michelle;18.25;0;1;0;01/12/2016;1ª semana;03/12/2016;pessoal;2016-12-01;2016-12-03
net;368.68;1;0;0;01/12/2016;1ª semana;02/12/2016;casa;2016-12-01;2016-12-02
luz;87.36;1;0;0;01/12/2016;1ª semana;02/12/2016;casa;2016-12-01;2016-12-02
cartão de credito;3403.55;1;0;0;01/12/2016;1ª semana;02/12/2016;cartão credito;2016-12-01;2016-12-02
sptransp;230;1;0;0;01/12/2016;1ª semana;02/12/2016;transporte;2016-12-01;2016-12-02
mercado;64.2;0;1;0;01/12/2016;1ª semana;02/12/2016;mercado;2016-12-01;2016-12-02
deposito benção;200;0;1;0;01/12/2016;1ª semana;02/12/2016;pessoal;2016-12-01;2016-12-02
sptransp;3.75;0;1;0;01/12/2016;1ª semana;02/12/2016;transporte;2016-12-01;2016-12-02
tapioca;10;0;1;0;01/12/2016;1ª semana;01/12/2016;alimentação;2016-12-01;2016-12-01
padaria;22.56;0;1;0;01/12/2016;1ª semana;01/12/2016;padaria;2016-12-01;2016-12-01
iof;5.79;0;1;0;01/12/2016;1ª semana;01/12/2016;banco;2016-12-01;2016-12-01
acai;8;0;1;0;01/12/2016;1ª semana;01/12/2016;alimentação;2016-12-01;2016-12-01
agua;3;0;1;0;01/11/2016;5ª semana;30/11/2016;alimentação;2016-11-01;2016-11-30
suco;3.5;0;1;0;01/11/2016;5ª semana;30/11/2016;alimentação;2016-11-01;2016-11-30
bolacha;6;0;1;0;01/11/2016;5ª semana;29/11/2016;alimentação;2016-11-01;2016-11-29
coxinha;7.9;0;1;0;01/11/2016;5ª semana;29/11/2016;alimentação;2016-11-01;2016-11-29
comgas;23.55;1;0;0;01/11/2016;5ª semana;28/11/2016;casa;2016-11-01;2016-11-28
estacionamento;8;0;1;0;01/11/2016;5ª semana;28/11/2016;carro;2016-11-01;2016-11-28
presente;100;0;1;0;01/11/2016;5ª semana;28/11/2016;pessoal;2016-11-01;2016-11-28
agua;2.99;0;1;0;01/11/2016;5ª semana;28/11/2016;alimentação;2016-11-01;2016-11-28
bolo;15;0;1;0;01/11/2016;5ª semana;28/11/2016;alimentação;2016-11-01;2016-11-28
material para varal;24.4;0;1;0;01/11/2016;5ª semana;28/11/2016;pessoal;2016-11-01;2016-11-28
almoço;34.78;0;1;0;01/11/2016;4ª semana;25/11/2016;almoço;2016-11-01;2016-11-25
divergente;148;0;1;0;01/11/2016;4ª semana;25/11/2016;divergente;2016-11-01;2016-11-25
almoço;27.68;0;1;0;01/11/2016;4ª semana;24/11/2016;almoço;2016-11-01;2016-11-24
varanda bolo;4.74;0;1;0;01/11/2016;4ª semana;23/11/2016;alimentação;2016-11-01;2016-11-23
café;4.5;0;1;0;01/11/2016;4ª semana;22/11/2016;alimentação;2016-11-01;2016-11-22
lanche;4;0;1;0;01/11/2016;4ª semana;22/11/2016;alimentação;2016-11-01;2016-11-22
agua;3;0;1;0;01/11/2016;4ª semana;21/11/2016;alimentação;2016-11-01;2016-11-21
café;3.5;0;1;0;01/11/2016;4ª semana;21/11/2016;alimentação;2016-11-01;2016-11-21
café;7;0;1;0;01/11/2016;4ª semana;21/11/2016;alimentação;2016-11-01;2016-11-21
lanche;5;0;1;0;01/11/2016;4ª semana;21/11/2016;alimentação;2016-11-01;2016-11-21
salgado/café;3;0;1;0;01/11/2016;4ª semana;21/11/2016;alimentação;2016-11-01;2016-11-21
saque;50;0;1;0;01/11/2016;3ª semana;21/11/2016;saque;2016-11-01;2016-11-21
saque;100;0;1;0;01/11/2016;3ª semana;21/11/2016;saque;2016-11-01;2016-11-21
saque;73;0;1;0;01/11/2016;fim de semana;20/11/2016;saque;2016-11-01;2016-11-20
feira;50;0;1;0;01/11/2016;fim de semana;20/11/2016;feira;2016-11-01;2016-11-20
benção;50;0;1;0;01/11/2016;fim de semana;20/11/2016;benção;2016-11-01;2016-11-20
cabelereiro;40;0;1;0;01/11/2016;fim de semana;19/11/2016;pessoal;2016-11-01;2016-11-19
estacionamento;10;0;1;0;01/11/2016;fim de semana;19/11/2016;carro;2016-11-01;2016-11-19
michelle;20;0;1;0;01/11/2016;fim de semana;19/11/2016;pessoal;2016-11-01;2016-11-19
alimand;9;0;1;0;01/11/2016;3ª semana;18/11/2016;alimentação;2016-11-01;2016-11-18
padaria;28.78;0;1;0;01/11/2016;3ª semana;18/11/2016;padaria;2016-11-01;2016-11-18
carrefour;48.79;0;1;0;01/11/2016;3ª semana;18/11/2016;mercado;2016-11-01;2016-11-18
consorcio;666.46;1;0;0;01/11/2016;3ª semana;16/11/2016;investimento;2016-11-01;2016-11-16
UNICEF;50;1;0;0;01/11/2016;3ª semana;16/11/2016;doação;2016-11-01;2016-11-16
almoço;22;0;1;0;01/11/2016;3ª semana;14/11/2016;almoço;2016-11-01;2016-11-14
mercado;10;0;1;0;01/11/2016;3ª semana;14/11/2016;mercado;2016-11-01;2016-11-14
lanche;10;0;1;0;01/11/2016;3ª semana;14/11/2016;alimentação;2016-11-01;2016-11-14
lanche;20;0;1;0;01/11/2016;3ª semana;14/11/2016;alimentação;2016-11-01;2016-11-14
custo total aluguel;1445;1;0;0;01/11/2016;2ª semana;11/11/2016;casa;2016-11-01;2016-11-11
contador;145;1;0;0;01/11/2016;2ª semana;11/11/2016;contador;2016-11-01;2016-11-11
pen drive;50;0;1;0;01/11/2016;2ª semana;11/11/2016;pessoal;2016-11-01;2016-11-11
benção;50;0;1;0;01/11/2016;2ª semana;11/11/2016;benção;2016-11-01;2016-11-11
alimand;10;0;1;0;01/11/2016;2ª semana;11/11/2016;alimentação;2016-11-01;2016-11-11
doces/pipoca;51.95;0;1;0;01/11/2016;2ª semana;11/11/2016;alimentação;2016-11-01;2016-11-11
michelle;50;0;1;0;01/11/2016;2ª semana;11/11/2016;pessoal;2016-11-01;2016-11-11
lanche barra funda;15;0;1;0;01/11/2016;2ª semana;11/11/2016;alimentação;2016-11-01;2016-11-11
lanche;11.4;0;1;0;01/11/2016;2ª semana;11/11/2016;alimentação;2016-11-01;2016-11-11
lanche;11;0;1;0;01/11/2016;2ª semana;11/11/2016;alimentação;2016-11-01;2016-11-11
saque;250;0;1;0;01/11/2016;2ª semana;11/11/2016;saque;2016-11-01;2016-11-11
SEGURO RESIDENCIA;45.2;1;0;0;01/11/2016;2ª semana;10/11/2016;banco;2016-11-01;2016-11-10
SEGURO CARTÃO;5.79;1;0;0;01/11/2016;2ª semana;10/11/2016;banco;2016-11-01;2016-11-10
almoço;25.15;0;1;0;01/11/2016;2ª semana;10/11/2016;almoço;2016-11-01;2016-11-10
café;13.3;0;1;0;01/11/2016;2ª semana;10/11/2016;alimentação;2016-11-01;2016-11-10
wendys;9;0;1;0;01/11/2016;2ª semana;10/11/2016;alimentação;2016-11-01;2016-11-10
suco barrafunda;10.75;0;1;0;01/11/2016;2ª semana;10/11/2016;alimentação;2016-11-01;2016-11-10
taxa conta corrente;52.4;1;0;0;01/11/2016;1ª semana;07/11/2016;banco;2016-11-01;2016-11-07
net;343.89;1;0;0;01/11/2016;1ª semana;07/11/2016;casa;2016-11-01;2016-11-07
luz;90.92;1;0;0;01/11/2016;1ª semana;07/11/2016;casa;2016-11-01;2016-11-07
juros;88.39;0;1;0;01/11/2016;2ª semana;07/11/2016;banco;2016-11-01;2016-11-07
milho;5;0;1;0;01/11/2016;2ª semana;07/11/2016;alimentação;2016-11-01;2016-11-07
agua;3.8;0;1;0;01/11/2016;2ª semana;07/11/2016;alimentação;2016-11-01;2016-11-07
bolacha/chocolate;10.5;0;1;0;01/11/2016;2ª semana;07/11/2016;alimentação;2016-11-01;2016-11-07
mercado;9.24;0;1;0;01/11/2016;fim de semana;07/11/2016;mercado;2016-11-01;2016-11-07
suco;3.5;0;1;0;01/11/2016;2ª semana;07/11/2016;alimentação;2016-11-01;2016-11-07
chocolate;12.9;0;1;0;01/11/2016;1ª semana;04/11/2016;alimentação;2016-11-01;2016-11-04
bolo;4.04;0;1;0;01/11/2016;1ª semana;04/11/2016;alimentação;2016-11-01;2016-11-04
alimand;4.1;0;1;0;01/11/2016;1ª semana;03/11/2016;alimentação;2016-11-01;2016-11-03
estacionamento;200;0;1;0;01/11/2016;1ª semana;02/11/2016;carro;2016-11-01;2016-11-02
emprestimo;70;0;1;0;01/11/2016;1ª semana;02/11/2016;emprestimo;2016-11-01;2016-11-02
sorvete;20;0;1;0;01/11/2016;1ª semana;02/11/2016;alimentação;2016-11-01;2016-11-02
alimentacao;25;0;1;0;01/11/2016;1ª semana;02/11/2016;alimentação;2016-11-01;2016-11-02
cartão de credito;2414.9;1;0;0;01/11/2016;1ª semana;01/11/2016;cartão credito;2016-11-01;2016-11-01
suco;3.5;0;1;0;01/11/2016;1ª semana;01/11/2016;alimentação;2016-11-01;2016-11-01
salgado;3;0;1;0;01/11/2016;1ª semana;01/11/2016;alimentação;2016-11-01;2016-11-01
chocolate;8;0;1;0;01/11/2016;1ª semana;01/11/2016;alimentação;2016-11-01;2016-11-01
revista colorir;2;0;1;0;01/11/2016;1ª semana;01/11/2016;pessoal;2016-11-01;2016-11-01
sptransp;230;1;0;0;01/11/2016;1ª semana;31/10/2016;transporte;2016-11-01;2016-10-31
cabelereiro;3;0;1;0;01/10/2016;fim de semana;29/10/2016;pessoal;2016-10-01;2016-10-29
café;3.5;0;1;0;01/10/2016;4ª semana;28/10/2016;alimentação;2016-10-01;2016-10-28
sorvete;9;0;1;0;01/10/2016;4ª semana;28/10/2016;alimentação;2016-10-01;2016-10-28
café;8;0;1;0;01/10/2016;4ª semana;26/10/2016;alimentação;2016-10-01;2016-10-26
sptransp;60;0;1;0;01/10/2016;4ª semana;25/10/2016;transporte;2016-10-01;2016-10-25
café;6;0;1;0;01/10/2016;4ª semana;24/10/2016;alimentação;2016-10-01;2016-10-24
feira;64;0;1;0;01/10/2016;fim de semana;23/10/2016;feira;2016-10-01;2016-10-23
alimad lanche;14.4;0;1;0;01/10/2016;3ª semana;20/10/2016;alimentação;2016-10-01;2016-10-20
agua / fruta;10;0;1;0;01/10/2016;3ª semana;20/10/2016;alimentação;2016-10-01;2016-10-20
feira;50;0;1;0;01/10/2016;3ª semana;19/10/2016;feira;2016-10-01;2016-10-19
comgas;27.91;1;0;0;01/10/2016;3ª semana;18/10/2016;casa;2016-10-01;2016-10-18
consorcio;605.92;1;0;0;01/10/2016;2ª semana;17/10/2016;investimento;2016-10-01;2016-10-17
UNICEF;50;1;0;0;01/10/2016;2ª semana;17/10/2016;doação;2016-10-01;2016-10-17
feira;30;0;1;0;01/10/2016;2ª semana;16/10/2016;feira;2016-10-01;2016-10-16
michelle;20;0;1;0;01/10/2016;2ª semana;16/10/2016;pessoal;2016-10-01;2016-10-16
neusa;17;0;1;0;01/10/2016;2ª semana;15/10/2016;pessoal;2016-10-01;2016-10-15
encontro de casal;30;0;1;0;01/10/2016;2ª semana;15/10/2016;pessoal;2016-10-01;2016-10-15
olibone;476;0;1;0;01/10/2016;2ª semana;15/10/2016;carro;2016-10-01;2016-10-15
custo total aluguel;1427.5;1;0;0;01/10/2016;2ª semana;14/10/2016;casa;2016-10-01;2016-10-14
contador;145;1;0;0;01/10/2016;2ª semana;14/10/2016;contador;2016-10-01;2016-10-14
SORVETE;2.5;0;1;0;01/10/2016;2ª semana;13/10/2016;alimentação;2016-10-01;2016-10-13
CAFÉ;4;0;1;0;01/10/2016;2ª semana;13/10/2016;alimentação;2016-10-01;2016-10-13
CAFÉ;6;0;1;0;01/10/2016;2ª semana;13/10/2016;alimentação;2016-10-01;2016-10-13
CIDADE DA CRIANÇA;18;0;1;0;01/10/2016;2ª semana;12/10/2016;lazer;2016-10-01;2016-10-12
BURGER KING;15;0;1;0;01/10/2016;2ª semana;11/10/2016;almoço;2016-10-01;2016-10-11
edvaldo;100;0;1;0;01/10/2016;2ª semana;11/10/2016;emprestimo;2016-10-01;2016-10-11
SEGURO RESIDENCIA;45.2;1;0;0;01/10/2016;2ª semana;10/10/2016;banco;2016-10-01;2016-10-10
SEGURO CARTÃO;5.79;1;0;0;01/10/2016;2ª semana;10/10/2016;banco;2016-10-01;2016-10-10
almoço;23;0;1;0;01/10/2016;2ª semana;10/10/2016;almoço;2016-10-01;2016-10-10
suco;3;0;1;0;01/10/2016;2ª semana;10/10/2016;alimentação;2016-10-01;2016-10-10
sorvete;2;0;1;0;01/10/2016;2ª semana;10/10/2016;alimentação;2016-10-01;2016-10-10
CABELEIREIRO;20;0;1;0;01/10/2016;fim de semana;08/10/2016;pessoal;2016-10-01;2016-10-08
feira;70;0;1;0;01/10/2016;fim de semana;08/10/2016;feira;2016-10-01;2016-10-08
net;383.58;1;0;0;01/10/2016;1ª semana;07/10/2016;casa;2016-10-01;2016-10-07
luz;94.35;1;0;0;01/10/2016;1ª semana;07/10/2016;casa;2016-10-01;2016-10-07
agua;3;0;1;0;01/10/2016;1ª semana;07/10/2016;alimentação;2016-10-01;2016-10-07
café;5;0;1;0;01/10/2016;1ª semana;07/10/2016;alimentação;2016-10-01;2016-10-07
café;6.5;0;1;0;01/10/2016;1ª semana;06/10/2016;alimentação;2016-10-01;2016-10-06
padaria;14.17;0;1;0;01/10/2016;1ª semana;06/10/2016;padaria;2016-10-01;2016-10-06
café;4;0;1;0;01/10/2016;1ª semana;06/10/2016;alimentação;2016-10-01;2016-10-06
café salgado;6.5;0;1;0;01/10/2016;1ª semana;06/10/2016;alimentação;2016-10-01;2016-10-06
café tarde;17.55;0;1;0;01/10/2016;1ª semana;06/10/2016;alimentação;2016-10-01;2016-10-06
lis/juros;42.09;0;1;0;01/10/2016;1ª semana;05/10/2016;banco;2016-10-01;2016-10-05
sorvete;5;0;1;0;01/10/2016;1ª semana;05/10/2016;alimentação;2016-10-01;2016-10-05
café / doces;9.63;0;1;0;01/10/2016;1ª semana;04/10/2016;alimentação;2016-10-01;2016-10-04
sorvete;3.5;0;1;0;01/10/2016;1ª semana;04/10/2016;alimentação;2016-10-01;2016-10-04
estacionamento;200;0;1;0;01/10/2016;1ª semana;03/10/2016;carro;2016-10-01;2016-10-03
agua / suco;10.49;0;1;0;01/10/2016;1ª semana;03/10/2016;alimentação;2016-10-01;2016-10-03
café;3;0;1;0;01/10/2016;1ª semana;03/10/2016;alimentação;2016-10-01;2016-10-03
iof;4.7;0;1;0;01/10/2016;1ª semana;03/10/2016;banco;2016-10-01;2016-10-03
taxa conta corrente;52.4;1;0;0;01/10/2016;1ª semana;01/10/2016;banco;2016-10-01;2016-10-01
cartão de credito;5532.01;1;0;0;01/10/2016;1ª semana;01/10/2016;cartão credito;2016-10-01;2016-10-01
sptransp;0;1;0;0;01/10/2016;;;transporte;2016-10-01;2016-10-01
padaria;36;0;1;0;01/09/2016;4ª semana;29/09/2016;padaria;2016-09-01;2016-09-29
biscoito;12.68;0;1;0;01/09/2016;4ª semana;29/09/2016;alimentação;2016-09-01;2016-09-29
lanche café manha;17.5;0;1;0;01/09/2016;4ª semana;29/09/2016;alimentação;2016-09-01;2016-09-29
café;9;0;1;0;01/09/2016;4ª semana;28/09/2016;alimentação;2016-09-01;2016-09-28
café;6.5;0;1;0;01/09/2016;4ª semana;28/09/2016;alimentação;2016-09-01;2016-09-28
lanche;3;0;1;0;01/09/2016;4ª semana;27/09/2016;alimentação;2016-09-01;2016-09-27
lanche metro;4;0;1;0;01/09/2016;4ª semana;27/09/2016;alimentação;2016-09-01;2016-09-27
lanche;9.4;0;1;0;01/09/2016;4ª semana;26/09/2016;alimentação;2016-09-01;2016-09-26
agua/chocolate;10.89;0;1;0;01/09/2016;4ª semana;26/09/2016;alimentação;2016-09-01;2016-09-26
lanche domingo;15;0;1;0;01/09/2016;4ª semana;25/09/2016;alimentação;2016-09-01;2016-09-25
café;6.9;0;1;0;01/09/2016;4ª semana;25/09/2016;alimentação;2016-09-01;2016-09-25
mercado;40.71;0;1;0;01/09/2016;4ª semana;25/09/2016;mercado;2016-09-01;2016-09-25
CABELEIREIRO;41.99;0;1;0;01/09/2016;4ª semana;24/09/2016;pessoal;2016-09-01;2016-09-24
café;3;0;1;0;01/09/2016;4ª semana;24/09/2016;alimentação;2016-09-01;2016-09-24
lanche;3.8;0;1;0;01/09/2016;4ª semana;24/09/2016;alimentação;2016-09-01;2016-09-24
michelle unha;37;0;1;0;01/09/2016;4ª semana;24/09/2016;pessoal;2016-09-01;2016-09-24
michelle;52;0;1;0;01/09/2016;4ª semana;24/09/2016;pessoal;2016-09-01;2016-09-24
sorvete;4.87;0;1;0;01/09/2016;4ª semana;24/09/2016;alimentação;2016-09-01;2016-09-24
lavagem do carro;9.55;0;1;0;01/09/2016;4ª semana;24/09/2016;carro;2016-09-01;2016-09-24
almoço sabado;20.5;0;1;0;01/09/2016;4ª semana;24/09/2016;almoço;2016-09-01;2016-09-24
estacionamento;9;0;1;0;01/09/2016;4ª semana;22/09/2016;carro;2016-09-01;2016-09-22
agua/chocolate;7.59;0;1;0;01/09/2016;4ª semana;21/09/2016;alimentação;2016-09-01;2016-09-21
café;8;0;1;0;01/09/2016;4ª semana;20/09/2016;alimentação;2016-09-01;2016-09-20
lanche;5.5;0;1;0;01/09/2016;4ª semana;20/09/2016;alimentação;2016-09-01;2016-09-20
cachorro quente;20;0;1;0;01/09/2016;fim de semana;18/09/2016;alimentação;2016-09-01;2016-09-18
comgas;32.96;1;0;0;01/09/2016;1ª semana;17/09/2016;casa;2016-09-01;2016-09-17
parcela celular 2/2;375.34;0;1;0;01/09/2016;fim de semana;17/09/2016;celular;2016-09-01;2016-09-17
estacionamento;9;0;1;0;01/09/2016;fim de semana;17/09/2016;carro;2016-09-01;2016-09-17
boulevard;10;0;1;0;01/09/2016;fim de semana;17/09/2016;alimentação;2016-09-01;2016-09-17
correio;40;0;1;0;01/09/2016;3ª semana;16/09/2016;pessoal;2016-09-01;2016-09-16
xerox / autenticacao;10;0;1;0;01/09/2016;3ª semana;16/09/2016;pessoal;2016-09-01;2016-09-16
bolacha;5.48;0;1;0;01/09/2016;3ª semana;16/09/2016;alimentação;2016-09-01;2016-09-16
salgado;8.9;0;1;0;01/09/2016;3ª semana;16/09/2016;alimentação;2016-09-01;2016-09-16
celular mi;35;0;1;0;01/09/2016;3ª semana;16/09/2016;celular;2016-09-01;2016-09-16
café;3;0;1;0;01/09/2016;3ª semana;16/09/2016;alimentação;2016-09-01;2016-09-16
café almoço;6.5;0;1;0;01/09/2016;3ª semana;16/09/2016;alimentação;2016-09-01;2016-09-16
sorvete;9;0;1;0;01/09/2016;3ª semana;16/09/2016;alimentação;2016-09-01;2016-09-16
consorcio;610;1;0;0;01/09/2016;3ª semana;15/09/2016;investimento;2016-09-01;2016-09-15
UNICEF;50;1;0;0;01/09/2016;3ª semana;15/09/2016;doação;2016-09-01;2016-09-15
lanche mac donald;15.5;0;1;0;01/09/2016;3ª semana;15/09/2016;alimentação;2016-09-01;2016-09-15
salgado;5;0;1;0;01/09/2016;3ª semana;15/09/2016;alimentação;2016-09-01;2016-09-15
bolacha;3.9;0;1;0;01/09/2016;3ª semana;14/09/2016;alimentação;2016-09-01;2016-09-14
agua;3;0;1;0;01/09/2016;3ª semana;14/09/2016;alimentação;2016-09-01;2016-09-14
café;6.5;0;1;0;01/09/2016;3ª semana;14/09/2016;alimentação;2016-09-01;2016-09-14
café;3;0;1;0;01/09/2016;3ª semana;13/09/2016;alimentação;2016-09-01;2016-09-13
SEGURO RESIDENCIA;45.2;1;0;0;01/09/2016;3ª semana;12/09/2016;banco;2016-09-01;2016-09-12
contador;145;1;0;0;01/09/2016;3ª semana;12/09/2016;contador;2016-09-01;2016-09-12
SEGURO CARTÃO;5.79;1;0;0;01/09/2016;;12/09/2016;banco;2016-09-01;2016-09-12
SALGADO;4;0;1;0;01/09/2016;3ª semana;12/09/2016;alimentação;2016-09-01;2016-09-12
salgado;13.3;0;1;0;01/09/2016;3ª semana;12/09/2016;alimentação;2016-09-01;2016-09-12
salgado;6;0;1;0;01/09/2016;3ª semana;12/09/2016;alimentação;2016-09-01;2016-09-12
acaraje metro;10;0;1;0;01/06/2016;2ª semana;10/09/2016;alimentação;2016-06-01;2016-09-10
CABELEIREIRO;20;0;1;0;01/09/2016;fim de semana;10/09/2016;pessoal;2016-09-01;2016-09-10
SORVETE;4;0;1;0;01/09/2016;fim de semana;10/09/2016;alimentação;2016-09-01;2016-09-10
ELECTRONCAFE;8;0;1;0;01/09/2016;2ª semana;09/09/2016;alimentação;2016-09-01;2016-09-09
ELECTRONUNIDOS;8;0;1;0;01/09/2016;2ª semana;06/09/2016;alimentação;2016-09-01;2016-09-06
lis/juros;72.11;0;1;0;01/09/2016;2ª semana;05/09/2016;banco;2016-09-01;2016-09-05
CAFÉ;4.18;0;1;0;01/09/2016;2ª semana;05/09/2016;alimentação;2016-09-01;2016-09-05
nakata;9;0;1;0;01/09/2016;2ª semana;05/09/2016;pessoal;2016-09-01;2016-09-05
almoço;8;0;1;0;01/09/2016;2ª semana;05/09/2016;almoço;2016-09-01;2016-09-05
estacionamento;40;0;1;0;01/09/2016;2ª semana;04/09/2016;carro;2016-09-01;2016-09-04
taxa conta corrente;51;1;0;0;01/09/2016;1ª semana;02/09/2016;banco;2016-09-01;2016-09-02
luz;103.22;1;0;0;01/09/2016;1ª semana;02/09/2016;casa;2016-09-01;2016-09-02
cartão de credito;3362.36;1;0;0;01/09/2016;1ª semana;02/09/2016;cartão credito;2016-09-01;2016-09-02
comgas;36.72;1;0;0;01/09/2016;1ª semana;02/09/2016;casa;2016-09-01;2016-09-02
multa sp;68.1;0;1;0;01/09/2016;1ª semana;02/09/2016;carro;2016-09-01;2016-09-02
IOF;5.13;0;1;0;01/09/2016;1ª semana;02/09/2016;banco;2016-09-01;2016-09-02
net;0;1;0;1;01/09/2016;;;casa;2016-09-01;2016-09-01
custo total aluguel;0;1;0;1;01/09/2016;;;casa;2016-09-01;2016-09-01
estacionamento;200;0;1;0;01/09/2016;1ª semana;01/09/2016;carro;2016-09-01;2016-09-01
CAFÉ;8;0;1;0;01/09/2016;1ª semana;01/09/2016;alimentação;2016-09-01;2016-09-01
varanda frutas;9.95;0;1;0;01/09/2016;1ª semana;01/09/2016;alimentação;2016-09-01;2016-09-01
agua;2.99;0;1;0;01/08/2016;4ª semana;31/08/2016;alimentação;2016-08-01;2016-08-31
sorvete metro;6.5;0;1;0;01/08/2016;4ª semana;30/08/2016;alimentação;2016-08-01;2016-08-30
negativo 01/09 cheque especial;1024.28;0;1;0;01/09/2016;4ª semana;30/08/2016;cheque especial;2016-09-01;2016-08-30
lanche;9.4;0;1;0;01/08/2016;4ª semana;29/08/2016;alimentação;2016-08-01;2016-08-29
agua;2.99;0;1;0;01/08/2016;4ª semana;29/08/2016;alimentação;2016-08-01;2016-08-29
divergente;33;0;1;0;01/08/2016;4ª semana;26/08/2016;divergente;2016-08-01;2016-08-26
bolinho chocolate;6.6;0;1;0;01/08/2016;4ª semana;25/08/2016;alimentação;2016-08-01;2016-08-25
caldo verde;4;0;1;0;01/08/2016;4ª semana;25/08/2016;alimentação;2016-08-01;2016-08-25
agua;2.99;0;1;0;01/08/2016;4ª semana;25/08/2016;alimentação;2016-08-01;2016-08-25
café no metro;4.5;0;1;0;01/08/2016;4ª semana;25/08/2016;alimentação;2016-08-01;2016-08-25
choclate quente vila olimpia;9;0;1;0;01/08/2016;4ª semana;25/08/2016;alimentação;2016-08-01;2016-08-25
suco de laranja;3;0;1;0;01/08/2016;4ª semana;25/08/2016;alimentação;2016-08-01;2016-08-25
lojas americanas;5;0;1;0;01/08/2016;4ª semana;24/08/2016;alimentação;2016-08-01;2016-08-24
bolacha metro;5;0;1;0;01/08/2016;4ª semana;24/08/2016;alimentação;2016-08-01;2016-08-24
café padaria;5;0;1;0;01/08/2016;4ª semana;23/08/2016;alimentação;2016-08-01;2016-08-23
lanche wendys;8;0;1;0;01/08/2016;4ª semana;23/08/2016;alimentação;2016-08-01;2016-08-23
agua;2.99;0;1;0;01/08/2016;4ª semana;22/08/2016;alimentação;2016-08-01;2016-08-22
sptransp;20;0;1;0;01/08/2016;4ª semana;22/08/2016;transporte;2016-08-01;2016-08-22
café;6.5;0;1;0;01/08/2016;4ª semana;22/08/2016;alimentação;2016-08-01;2016-08-22
café wendys;8;0;1;0;01/08/2016;4ª semana;22/08/2016;alimentação;2016-08-01;2016-08-22
bolacha;2.8;0;1;0;01/08/2016;3ª semana;19/08/2016;alimentação;2016-08-01;2016-08-19
café/pao na chapa;6.9;0;1;0;01/08/2016;3ª semana;19/08/2016;alimentação;2016-08-01;2016-08-19
café metro;4.5;0;1;0;01/08/2016;3ª semana;19/08/2016;alimentação;2016-08-01;2016-08-19
desodorante;8.99;0;1;0;01/08/2016;3ª semana;19/08/2016;pessoal;2016-08-01;2016-08-19
bilhete único;63.8;0;1;0;01/08/2016;3ª semana;16/08/2016;transporte;2016-08-01;2016-08-16
agua / bolacha;9;0;1;0;01/08/2016;3ª semana;16/08/2016;alimentação;2016-08-01;2016-08-16
café;3.5;0;1;0;01/08/2016;3ª semana;16/08/2016;alimentação;2016-08-01;2016-08-16
consorcio;610.48;1;0;0;01/08/2016;3ª semana;15/08/2016;investimento;2016-08-01;2016-08-15
UNICEF;50;1;0;0;01/08/2016;3ª semana;15/08/2016;doação;2016-08-01;2016-08-15
parcela celular 1/2;375.34;0;1;0;01/08/2016;1ª semana;15/08/2016;celular;2016-08-01;2016-08-15
suco de laranja;3;0;1;0;01/08/2016;2ª semana;15/08/2016;alimentação;2016-08-01;2016-08-15
salgado;3.8;0;1;0;01/08/2016;3ª semana;15/08/2016;alimentação;2016-08-01;2016-08-15
café;5;0;1;0;01/08/2016;3ª semana;15/08/2016;alimentação;2016-08-01;2016-08-15
burger king sorvete;2.5;0;1;0;01/08/2016;fim de semana;13/08/2016;alimentação;2016-08-01;2016-08-13
lanche ourinhos;25.1;0;1;0;01/08/2016;fim de semana;13/08/2016;alimentação;2016-08-01;2016-08-13
mercado;82.75;0;1;0;01/08/2016;fim de semana;13/08/2016;mercado;2016-08-01;2016-08-13
sorvete / agua;15;0;1;0;01/08/2016;fim de semana;13/08/2016;alimentação;2016-08-01;2016-08-13
caldo verde / acareja;14;0;1;0;01/08/2016;2ª semana;12/08/2016;alimentação;2016-08-01;2016-08-12
café;4;0;1;0;01/08/2016;2ª semana;12/08/2016;alimentação;2016-08-01;2016-08-12
sorvete;3.5;0;1;0;01/08/2016;2ª semana;12/08/2016;alimentação;2016-08-01;2016-08-12
padaria;28.8;0;1;0;01/08/2016;2ª semana;12/08/2016;padaria;2016-08-01;2016-08-12
suco de laranja;6;0;1;0;01/08/2016;2ª semana;11/08/2016;alimentação;2016-08-01;2016-08-11
SEGURO RESIDENCIA;45.2;1;0;0;01/08/2016;2ª semana;10/08/2016;banco;2016-08-01;2016-08-10
SEGURO CARTÃO;5.79;1;0;0;01/08/2016;2ª semana;10/08/2016;banco;2016-08-01;2016-08-10
lanche;12.5;0;1;0;01/08/2016;2ª semana;10/08/2016;alimentação;2016-08-01;2016-08-10
agua;2.99;0;1;0;01/08/2016;2ª semana;10/08/2016;alimentação;2016-08-01;2016-08-10
bolacha;7.6;0;1;0;01/08/2016;2ª semana;10/08/2016;alimentação;2016-08-01;2016-08-10
diferença;30;0;1;0;01/08/2016;2ª semana;10/08/2016;divergente;2016-08-01;2016-08-10
padaria;50.61;0;1;0;01/08/2016;2ª semana;10/08/2016;padaria;2016-08-01;2016-08-10
agua;3.5;0;1;0;01/08/2016;2ª semana;09/08/2016;alimentação;2016-08-01;2016-08-09
café;6.5;0;1;0;01/08/2016;2ª semana;09/08/2016;alimentação;2016-08-01;2016-08-09
sptransp;60;1;0;0;01/08/2016;2ª semana;08/08/2016;transporte;2016-08-01;2016-08-08
feira;50;0;1;0;01/08/2016;fim de semana;08/08/2016;feira;2016-08-01;2016-08-08
padaria;11;0;1;0;01/08/2016;fim de semana;08/08/2016;padaria;2016-08-01;2016-08-08
pamonha;12;0;1;0;01/08/2016;fim de semana;08/08/2016;alimentação;2016-08-01;2016-08-08
espeto vila aurora;27.3;0;1;0;01/08/2016;fim de semana;07/08/2016;alimentação;2016-08-01;2016-08-07
roupa bebe fabio;29.57;0;1;0;01/08/2016;fim de semana;07/08/2016;roupa;2016-08-01;2016-08-07
lis/juros;12.96;0;1;0;01/08/2016;1ª semana;05/08/2016;banco;2016-08-01;2016-08-05
lis/juros;11.46;0;1;0;01/08/2016;1ª semana;05/08/2016;banco;2016-08-01;2016-08-05
sptransp;20;1;0;0;01/08/2016;1ª semana;04/08/2016;transporte;2016-08-01;2016-08-04
estacionamento;200;0;1;0;01/08/2016;1ª semana;04/08/2016;carro;2016-08-01;2016-08-04
lanche;14.8;0;1;0;01/08/2016;1ª semana;04/08/2016;alimentação;2016-08-01;2016-08-04
sorvete;8;0;1;0;01/08/2016;1ª semana;04/08/2016;alimentação;2016-08-01;2016-08-04
cartão de credito;3159.75333333333;1;0;0;01/08/2016;1ª semana;03/08/2016;cartão credito;2016-08-01;2016-08-03
mercado;243.95;0;1;0;01/08/2016;1ª semana;03/08/2016;mercado;2016-08-01;2016-08-03
taxa conta corrente;51;1;0;0;01/08/2016;1ª semana;02/08/2016;banco;2016-08-01;2016-08-02
net;358.53;1;0;0;01/08/2016;1ª semana;01/08/2016;casa;2016-08-01;2016-08-01
custo total aluguel;0;1;0;1;01/08/2016;;;casa;2016-08-01;2016-08-01
luz;100.53;1;0;0;01/08/2016;1ª semana;01/08/2016;casa;2016-08-01;2016-08-01
contador;0;1;0;1;01/08/2016;;;contador;2016-08-01;2016-08-01
comgas;32;1;0;1;01/08/2016;;;casa;2016-08-01;2016-08-01
socio torcedor - sp;0;0;1;1;01/08/2016;;;socio torcedor;2016-08-01;2016-08-01
imposto;2.37;0;1;0;01/08/2016;1ª semana;01/08/2016;banco;2016-08-01;2016-08-01
almoço paranapiacaba;84;0;1;0;01/08/2016;fim de semana;31/07/2016;lazer;2016-08-01;2016-07-31
passeio casal;50;0;1;0;01/08/2016;fim de semana;31/07/2016;lazer;2016-08-01;2016-07-31
café expresso;12;0;1;0;01/08/2016;fim de semana;31/07/2016;lazer;2016-08-01;2016-07-31
diferença;40;0;1;0;01/07/2016;4ª semana;30/07/2016;divergente;2016-07-01;2016-07-30
padaria;35.89;0;1;0;01/08/2016;fim de semana;30/07/2016;padaria;2016-08-01;2016-07-30
mercado;35.99;0;1;0;01/08/2016;fim de semana;30/07/2016;mercado;2016-08-01;2016-07-30
cabelereiro;50;0;1;0;01/08/2016;fim de semana;30/07/2016;pessoal;2016-08-01;2016-07-30
combustivel;161.99;0;1;0;01/08/2016;fim de semana;30/07/2016;carro;2016-08-01;2016-07-30
wendys almoço;35.5;0;1;0;01/07/2016;4ª semana;29/07/2016;almoço;2016-07-01;2016-07-29
wendys almoço;8.5;0;1;0;01/07/2016;4ª semana;29/07/2016;almoço;2016-07-01;2016-07-29
controle remoto;50;0;1;0;01/07/2016;4ª semana;29/07/2016;pessoal;2016-07-01;2016-07-29
passeio casal;70;0;1;0;01/07/2016;4ª semana;28/07/2016;lazer;2016-07-01;2016-07-28
café;11.4;0;1;0;01/07/2016;4ª semana;28/07/2016;alimentação;2016-07-01;2016-07-28
agua;4;0;1;0;01/07/2016;4ª semana;28/07/2016;alimentação;2016-07-01;2016-07-28
bolo;3;0;1;0;01/07/2016;4ª semana;28/07/2016;alimentação;2016-07-01;2016-07-28
agua;6.8;0;1;0;01/07/2016;4ª semana;26/07/2016;alimentação;2016-07-01;2016-07-26
café;5;0;1;0;01/07/2016;4ª semana;26/07/2016;alimentação;2016-07-01;2016-07-26
café;7.5;0;1;0;01/07/2016;4ª semana;26/07/2016;alimentação;2016-07-01;2016-07-26
padaria;33.59;0;1;0;01/07/2016;fim de semana;24/07/2016;padaria;2016-07-01;2016-07-24
costela;35;0;1;0;01/07/2016;fim de semana;24/07/2016;almoço;2016-07-01;2016-07-24
mercado;49.36;0;1;0;01/07/2016;fim de semana;24/07/2016;mercado;2016-07-01;2016-07-24
farmacia;84.13;0;1;0;01/07/2016;fim de semana;24/07/2016;farmacia;2016-07-01;2016-07-24
gasolina;157.8;0;1;0;01/07/2016;3ª semana;22/07/2016;carro;2016-07-01;2016-07-22
padaria;12.31;0;1;0;01/07/2016;3ª semana;21/07/2016;padaria;2016-07-01;2016-07-21
farmacia;9.39;0;1;0;01/07/2016;3ª semana;21/07/2016;farmacia;2016-07-01;2016-07-21
sorvete;7.99;0;1;0;01/07/2016;3ª semana;21/07/2016;alimentação;2016-07-01;2016-07-21
doces;15.19;0;1;0;01/07/2016;3ª semana;21/07/2016;alimentação;2016-07-01;2016-07-21
almoço;15.49;0;1;0;01/07/2016;3ª semana;20/07/2016;almoço;2016-07-01;2016-07-20
panetone;4.9;0;1;0;01/07/2016;3ª semana;20/07/2016;alimentação;2016-07-01;2016-07-20
café;5;0;1;0;01/07/2016;3ª semana;20/07/2016;alimentação;2016-07-01;2016-07-20
credito celular;20;0;1;0;01/07/2016;3ª semana;19/07/2016;celular;2016-07-01;2016-07-19
acessorios celular;65;0;1;0;01/07/2016;3ª semana;19/07/2016;celular;2016-07-01;2016-07-19
tatu bola;29;0;1;0;01/07/2016;3ª semana;19/07/2016;lazer;2016-07-01;2016-07-19
UNICEF;50;1;0;0;01/07/2016;3ª semana;18/07/2016;doação;2016-07-01;2016-07-18
salgado;10;0;1;0;01/07/2016;3ª semana;18/07/2016;alimentação;2016-07-01;2016-07-18
camiseta jovens;25;0;1;0;01/07/2016;fim de semana;17/07/2016;benção;2016-07-01;2016-07-17
mercado;18.96;0;1;0;01/07/2016;fim de semana;17/07/2016;mercado;2016-07-01;2016-07-17
saque;16;0;1;0;01/07/2016;fim de semana;16/07/2016;saque;2016-07-01;2016-07-16
feira;55;0;1;0;01/07/2016;fim de semana;16/07/2016;feira;2016-07-01;2016-07-16
padaria;33.96;0;1;0;01/07/2016;fim de semana;16/07/2016;padaria;2016-07-01;2016-07-16
lava carro;35;0;1;0;01/07/2016;fim de semana;16/07/2016;carro;2016-07-01;2016-07-16
consorcio;592.84;1;0;0;01/07/2016;2ª semana;15/07/2016;investimento;2016-07-01;2016-07-15
contador;145;1;0;0;01/07/2016;2ª semana;15/07/2016;contador;2016-07-01;2016-07-15
livro bebe;30;0;1;0;01/07/2016;2ª semana;15/07/2016;pessoal;2016-07-01;2016-07-15
divergencia;26;0;1;0;01/07/2016;2ª semana;15/07/2016;divergente;2016-07-01;2016-07-15
sorvete;5.5;0;1;0;01/07/2016;2ª semana;14/07/2016;alimentação;2016-07-01;2016-07-14
agua / bolacha;10;0;1;0;01/07/2016;2ª semana;14/07/2016;alimentação;2016-07-01;2016-07-14
chocolate;4;0;1;0;01/07/2016;2ª semana;14/07/2016;alimentação;2016-07-01;2016-07-14
custo total aluguel;1385.03;1;0;0;01/07/2016;2ª semana;12/07/2016;casa;2016-07-01;2016-07-12
SEGURO CARTÃO;5.79;1;0;0;01/07/2016;2ª semana;11/07/2016;banco;2016-07-01;2016-07-11
mercado andorinha;200;0;1;0;01/07/2016;2ª semana;11/07/2016;mercado;2016-07-01;2016-07-11
agua galão;12;0;1;0;01/07/2016;2ª semana;11/07/2016;alimentação;2016-07-01;2016-07-11
roupa samuel;215.95;0;1;0;01/07/2016;fim de semana;09/07/2016;roupa;2016-07-01;2016-07-09
café;20.46;0;1;0;01/07/2016;2ª semana;08/07/2016;alimentação;2016-07-01;2016-07-08
agua;12.66;0;1;0;01/07/2016;2ª semana;08/07/2016;alimentação;2016-07-01;2016-07-08
agua;4;0;1;0;01/07/2016;2ª semana;08/07/2016;alimentação;2016-07-01;2016-07-08
net;359.27;1;0;0;01/07/2016;1ª semana;06/07/2016;casa;2016-07-01;2016-07-06
luz;100.09;1;0;0;01/07/2016;1ª semana;06/07/2016;casa;2016-07-01;2016-07-06
farmacia;45.58;0;1;0;01/07/2016;2ª semana;06/07/2016;farmacia;2016-07-01;2016-07-06
café;15.5;0;1;0;01/07/2016;2ª semana;06/07/2016;alimentação;2016-07-01;2016-07-06
multa sp;68.1;0;1;0;01/07/2016;2ª semana;06/07/2016;carro;2016-07-01;2016-07-06
lanche;6.6;0;1;0;01/07/2016;2ª semana;05/07/2016;alimentação;2016-07-01;2016-07-05
agua;9.76;0;1;0;01/07/2016;2ª semana;05/07/2016;alimentação;2016-07-01;2016-07-05
café;4.5;0;1;0;01/07/2016;2ª semana;05/07/2016;alimentação;2016-07-01;2016-07-05
lis/juros;9.74;0;1;0;01/07/2016;2ª semana;05/07/2016;banco;2016-07-01;2016-07-05
sptransp;230;1;0;0;01/07/2016;2ª semana;04/07/2016;transporte;2016-07-01;2016-07-04
feira;100;0;1;0;01/07/2016;fim de semana;03/07/2016;feira;2016-07-01;2016-07-03
mistura - alcatra/acem;52.26;0;1;0;01/07/2016;fim de semana;03/07/2016;mercado;2016-07-01;2016-07-03
boticario;104.18;0;1;0;01/07/2016;fim de semana;03/07/2016;pessoal;2016-07-01;2016-07-03
centauro tenis;99.99;0;1;0;01/07/2016;fim de semana;03/07/2016;pessoal;2016-07-01;2016-07-03
lanche subway;41;0;1;0;01/07/2016;fim de semana;03/07/2016;alimentação;2016-07-01;2016-07-03
farmacia - lencinho/ky;17.13;0;1;0;01/07/2016;fim de semana;03/07/2016;farmacia;2016-07-01;2016-07-03
estacionamento;8;0;1;0;01/07/2016;fim de semana;03/07/2016;carro;2016-07-01;2016-07-03
café da manha;5;0;1;0;01/07/2016;fim de semana;02/07/2016;alimentação;2016-07-01;2016-07-02
iof;2.21;0;1;0;01/07/2016;fim de semana;02/07/2016;banco;2016-07-01;2016-07-02
lamapadas carro;49.8;0;1;0;01/07/2016;fim de semana;02/07/2016;carro;2016-07-01;2016-07-02
mac donalds- milk shake;9.5;0;1;0;01/07/2016;fim de semana;02/07/2016;alimentação;2016-07-01;2016-07-02
farmacia;15.85;0;1;0;01/07/2016;fim de semana;02/07/2016;farmacia;2016-07-01;2016-07-02
sorvete;9.9;0;1;0;01/07/2016;fim de semana;02/07/2016;alimentação;2016-07-01;2016-07-02
cinema;31.5;0;1;0;01/07/2016;fim de semana;02/07/2016;lazer;2016-07-01;2016-07-02
pipoca/suco;33.5;0;1;0;01/07/2016;fim de semana;02/07/2016;lazer;2016-07-01;2016-07-02
almoço;101.6;0;1;0;01/07/2016;fim de semana;02/07/2016;lazer;2016-07-01;2016-07-02
sorvete;45;0;1;0;01/07/2016;fim de semana;02/07/2016;alimentação;2016-07-01;2016-07-02
roupa samuel;29.99;0;1;0;01/07/2016;fim de semana;02/07/2016;roupa;2016-07-01;2016-07-02
sobremesa;11;0;1;0;01/07/2016;fim de semana;02/07/2016;alimentação;2016-07-01;2016-07-02
feira;90;0;1;0;01/07/2016;fim de semana;02/07/2016;feira;2016-07-01;2016-07-02
estacionamento;14;0;1;0;01/07/2016;fim de semana;02/07/2016;carro;2016-07-01;2016-07-02
mercado sonda;25.81;0;1;0;01/07/2016;fim de semana;02/07/2016;mercado;2016-07-01;2016-07-02
posto gasolina;158.79;0;1;0;01/07/2016;fim de semana;02/07/2016;carro;2016-07-01;2016-07-02
arizona paes;17.47;0;1;0;01/07/2016;fim de semana;02/07/2016;padaria;2016-07-01;2016-07-02
benção;6;0;1;0;01/07/2016;fim de semana;02/07/2016;benção;2016-07-01;2016-07-02
taxa conta corrente;51;1;0;0;01/07/2016;1ª semana;01/07/2016;banco;2016-07-01;2016-07-01
cartão de credito;0;1;0;1;01/07/2016;;;cartão credito;2016-07-01;2016-07-01
comgas;32.34;1;0;0;01/07/2016;;;casa;2016-07-01;2016-07-01
socio torcedor - sp;0;0;1;1;01/07/2016;;;socio torcedor;2016-07-01;2016-07-01
estacionamento;200;0;1;0;01/07/2016;1ª semana;01/07/2016;carro;2016-07-01;2016-07-01
benção;50;0;1;0;01/07/2016;fim de semana;01/07/2016;benção;2016-07-01;2016-07-01
café da manha;5;0;1;0;01/07/2016;1ª semana;30/06/2016;alimentação;2016-07-01;2016-06-30
bolacha;2.8;0;1;0;01/07/2016;1ª semana;30/06/2016;alimentação;2016-07-01;2016-06-30
mercado;95.53;0;1;0;01/07/2016;1ª semana;30/06/2016;mercado;2016-07-01;2016-06-30
benção;50;0;1;0;01/06/2016;4ª semana;29/06/2016;benção;2016-06-01;2016-06-29
lanche tarde;7.5;0;1;0;01/06/2016;4ª semana;29/06/2016;alimentação;2016-06-01;2016-06-29
agua;3;0;1;0;01/06/2016;4ª semana;28/06/2016;alimentação;2016-06-01;2016-06-28
café da manha;6.5;0;1;0;01/06/2016;4ª semana;28/06/2016;alimentação;2016-06-01;2016-06-28
metro;64;0;1;0;01/06/2016;4ª semana;27/06/2016;transporte;2016-06-01;2016-06-27
diferença;7;0;1;0;01/06/2016;4ª semana;27/06/2016;divergente;2016-06-01;2016-06-27
farmacia - samuel remedio;73.56;0;1;0;01/06/2016;4ª semana;27/06/2016;farmacia;2016-06-01;2016-06-27
lanche tarde;7.5;0;1;0;01/06/2016;4ª semana;27/06/2016;alimentação;2016-06-01;2016-06-27
almoço - aniversario;60.7;0;1;0;01/06/2016;fim de semana;26/06/2016;lazer;2016-06-01;2016-06-26
benção;50;0;1;0;01/06/2016;fim de semana;26/06/2016;benção;2016-06-01;2016-06-26
petisco japones;12.4;0;1;0;01/06/2016;fim de semana;26/06/2016;lazer;2016-06-01;2016-06-26
kids - tenis samuel;25;0;1;0;01/06/2016;fim de semana;26/06/2016;lazer;2016-06-01;2016-06-26
yoggi - yogrt;13.34;0;1;0;01/06/2016;fim de semana;26/06/2016;lazer;2016-06-01;2016-06-26
sorvete chiquinho;13.5;0;1;0;01/06/2016;fim de semana;26/06/2016;lazer;2016-06-01;2016-06-26
estacionamento;7.5;0;1;0;01/06/2016;fim de semana;26/06/2016;lazer;2016-06-01;2016-06-26
biscoito - iwm;15;0;1;0;01/06/2016;fim de semana;26/06/2016;lazer;2016-06-01;2016-06-26
combustivel;150.28;0;1;0;01/06/2016;fim de semana;26/06/2016;carro;2016-06-01;2016-06-26
jocum - formatura;30;0;1;0;01/06/2016;fim de semana;25/06/2016;benção;2016-06-01;2016-06-25
benção;20;0;1;0;01/06/2016;fim de semana;25/06/2016;benção;2016-06-01;2016-06-25
feira;80;0;1;0;01/06/2016;fim de semana;25/06/2016;feira;2016-06-01;2016-06-25
cabelereiro;20;0;1;0;01/06/2016;fim de semana;25/06/2016;pessoal;2016-06-01;2016-06-25
farmacia - gravidez;6.9;0;1;0;01/06/2016;fim de semana;25/06/2016;farmacia;2016-06-01;2016-06-25
seguro;521.75;1;0;0;01/06/2016;4ª semana;23/06/2016;casa;2016-06-01;2016-06-23
sptransp;230;1;0;0;01/09/2016;3ª semana;22/06/2016;transporte;2016-09-01;2016-06-22
mercado;100;0;1;0;01/06/2016;3ª semana;20/06/2016;mercado;2016-06-01;2016-06-20
combustivel;30;0;1;0;01/06/2016;3ª semana;20/06/2016;carro;2016-06-01;2016-06-20
feira;50;0;1;0;01/06/2016;fim de semana;19/06/2016;feira;2016-06-01;2016-06-19
frios;5.34;0;1;0;01/06/2016;3ª semana;17/06/2016;padaria;2016-06-01;2016-06-17
agua / paozinho croassaint;10.98;0;1;0;01/06/2016;3ª semana;17/06/2016;alimentação;2016-06-01;2016-06-17
mercado;72.55;0;1;0;01/06/2016;3ª semana;16/06/2016;mercado;2016-06-01;2016-06-16
lanche natural;9.4;0;1;0;01/06/2016;3ª semana;16/06/2016;alimentação;2016-06-01;2016-06-16
consorcio;592.84;1;0;0;01/06/2016;3ª semana;15/06/2016;investimento;2016-06-01;2016-06-15
agua/bolacha;8;0;1;0;01/06/2016;3ª semana;15/06/2016;alimentação;2016-06-01;2016-06-15
café/salgado;4.5;0;1;0;01/06/2016;3ª semana;15/06/2016;alimentação;2016-06-01;2016-06-15
SEGURO RESIDENCIA;45.21;1;0;0;01/07/2016;2ª semana;15/06/2016;banco;2016-07-01;2016-06-15
café;6.5;0;1;0;01/06/2016;3ª semana;14/06/2016;alimentação;2016-06-01;2016-06-14
agua/café;3;0;1;0;01/06/2016;3ª semana;14/06/2016;alimentação;2016-06-01;2016-06-14
sptransp;120;1;0;0;01/06/2016;2ª semana;13/06/2016;transporte;2016-06-01;2016-06-13
café;10;0;1;0;01/06/2016;3ª semana;13/06/2016;alimentação;2016-06-01;2016-06-13
lanche;10;0;1;0;01/06/2016;3ª semana;13/06/2016;alimentação;2016-06-01;2016-06-13
sptransp;4;0;1;0;01/06/2016;3ª semana;13/06/2016;transporte;2016-06-01;2016-06-13
michelle;5;0;1;0;01/06/2016;3ª semana;13/06/2016;michelle;2016-06-01;2016-06-13
mercado;35;0;1;0;01/06/2016;fim de semana;12/06/2016;mercado;2016-06-01;2016-06-12
cabelereiro;20;0;1;0;01/06/2016;fim de semana;12/06/2016;pessoal;2016-06-01;2016-06-12
feira;40;0;1;0;01/06/2016;fim de semana;12/06/2016;feira;2016-06-01;2016-06-12
benção;10;0;1;0;01/06/2016;fim de semana;12/06/2016;benção;2016-06-01;2016-06-12
gasolina;96.99;0;1;0;01/06/2016;fim de semana;11/06/2016;carro;2016-06-01;2016-06-11
jantar dia dos namorados;145.07;0;1;0;01/06/2016;fim de semana;11/06/2016;lazer;2016-06-01;2016-06-11
roupa samuel;130;0;1;0;01/06/2016;fim de semana;11/06/2016;roupa;2016-06-01;2016-06-11
feijoada - jocum;45;0;1;0;01/06/2016;fim de semana;11/06/2016;almoço;2016-06-01;2016-06-11
custo total aluguel;1397.11;1;0;0;01/06/2016;2ª semana;10/06/2016;casa;2016-06-01;2016-06-10
SEGURO RESIDENCIA;45.69;1;0;0;01/06/2016;2ª semana;10/06/2016;banco;2016-06-01;2016-06-10
contador;145;1;0;0;01/06/2016;2ª semana;10/06/2016;contador;2016-06-01;2016-06-10
comgas;16.81;1;0;0;01/06/2016;2ª semana;10/06/2016;casa;2016-06-01;2016-06-10
SEGURO CARTÃO;5.79;1;0;0;01/06/2016;1ª semana;10/06/2016;banco;2016-06-01;2016-06-10
UNICEF;50;1;0;0;01/06/2016;1ª semana;10/06/2016;doação;2016-06-01;2016-06-10
almoço;32.92;0;1;0;01/06/2016;2ª semana;10/06/2016;almoço;2016-06-01;2016-06-10
chocolate quente;9;0;1;0;01/06/2016;2ª semana;10/06/2016;alimentação;2016-06-01;2016-06-10
café;7;0;1;0;01/06/2016;2ª semana;09/06/2016;alimentação;2016-06-01;2016-06-09
café a tarde;4;0;1;0;01/06/2016;2ª semana;09/06/2016;alimentação;2016-06-01;2016-06-09
cartão de credito;1378.97;1;0;0;01/06/2016;2ª semana;08/06/2016;cartão credito;2016-06-01;2016-06-08
chocolate metro;2;0;1;0;01/06/2016;2ª semana;08/06/2016;alimentação;2016-06-01;2016-06-08
mocoto;5;0;1;0;01/06/2016;2ª semana;08/06/2016;alimentação;2016-06-01;2016-06-08
chocolate/agua;6;0;1;0;01/06/2016;2ª semana;08/06/2016;alimentação;2016-06-01;2016-06-08
net;343.94;1;0;0;01/06/2016;1ª semana;06/06/2016;casa;2016-06-01;2016-06-06
luz;69.46;1;0;0;01/06/2016;2ª semana;06/06/2016;casa;2016-06-01;2016-06-06
socio torcedor - sp;30;0;1;0;01/06/2016;2ª semana;06/06/2016;socio torcedor;2016-06-01;2016-06-06
lanche;3.8;0;1;0;01/06/2016;2ª semana;06/06/2016;alimentação;2016-06-01;2016-06-06
chocolate quente;9;0;1;0;01/06/2016;2ª semana;06/06/2016;alimentação;2016-06-01;2016-06-06
chocolate em barra;9.97;0;1;0;01/06/2016;2ª semana;06/06/2016;alimentação;2016-06-01;2016-06-06
café da manha;6.5;0;1;0;01/06/2016;2ª semana;06/06/2016;alimentação;2016-06-01;2016-06-06
feira;90;0;1;0;01/06/2016;fim de semana;05/06/2016;feira;2016-06-01;2016-06-05
frango;30;0;1;0;01/06/2016;fim de semana;05/06/2016;alimentação;2016-06-01;2016-06-05
oferta;20;0;1;0;01/06/2016;fim de semana;05/06/2016;benção;2016-06-01;2016-06-05
diferença;59;0;1;0;01/06/2016;fim de semana;05/06/2016;divergente;2016-06-01;2016-06-05
portas abertas;92;0;1;0;01/06/2016;fim de semana;05/06/2016;benção;2016-06-01;2016-06-05
jocum;100;0;1;0;01/06/2016;fim de semana;04/06/2016;benção;2016-06-01;2016-06-04
pedagio campinas;30;0;1;0;01/06/2016;fim de semana;04/06/2016;carro;2016-06-01;2016-06-04
padaria;18.1;0;1;0;01/06/2016;fim de semana;04/06/2016;carro;2016-06-01;2016-06-04
estacionamento;9;0;1;0;01/06/2016;fim de semana;04/06/2016;carro;2016-06-01;2016-06-04
agua/chocolate;7.97;0;1;0;01/06/2016;1ª semana;03/06/2016;carro;2016-06-01;2016-06-03
taxa conta corrente;51;1;0;0;01/06/2016;1ª semana;02/06/2016;banco;2016-06-01;2016-06-02
comgas;32.14;1;0;0;01/05/2016;4ª semana;01/06/2016;casa;2016-05-01;2016-06-01
estacionamento;200;1;0;0;01/05/2016;1ª semana;28/05/2016;carro;2016-05-01;2016-05-28
seguro;521.75;1;0;0;01/05/2016;2ª semana;23/05/2016;casa;2016-05-01;2016-05-23
feirainha da madrugada;100;0;1;0;01/05/2016;fim de semana;21/05/2016;pessoal;2016-05-01;2016-05-21
sorvete;11.75;0;1;0;01/05/2016;3ª semana;20/05/2016;alimentação;2016-05-01;2016-05-20
emprestimo;200;0;1;0;01/05/2016;3ª semana;20/05/2016;pessoal;2016-05-01;2016-05-20
estacionamento;20;0;1;0;01/05/2016;3ª semana;19/05/2016;carro;2016-05-01;2016-05-19
diferença;9;0;1;0;01/05/2016;3ª semana;19/05/2016;divergente;2016-05-01;2016-05-19
socio torcedor - sp;30;0;1;0;01/05/2016;3ª semana;19/05/2016;socio torcedor;2016-05-01;2016-05-19
almoço;30.9;0;1;0;01/05/2016;3ª semana;18/05/2016;almoço;2016-05-01;2016-05-18
agua;3;0;1;0;01/05/2016;3ª semana;18/05/2016;alimentação;2016-05-01;2016-05-18
mercado;196.6;0;1;0;01/05/2016;3ª semana;17/05/2016;mercado;2016-05-01;2016-05-17
café;7.5;0;1;0;01/05/2016;3ª semana;17/05/2016;alimentação;2016-05-01;2016-05-17
UNICEF;50;1;0;0;01/05/2016;1ª semana;16/05/2016;doação;2016-05-01;2016-05-16
consorcio;601.11;1;0;0;01/05/2016;1ª semana;16/05/2016;investimento;2016-05-01;2016-05-16
padaria;4;0;1;0;01/05/2016;3ª semana;16/05/2016;padaria;2016-05-01;2016-05-16
agua;3;0;1;0;01/05/2016;3ª semana;16/05/2016;alimentação;2016-05-01;2016-05-16
pizzaria;44;0;1;0;01/05/2016;2ª semana;13/05/2016;alimentação;2016-05-01;2016-05-13
pao/queijo;6;0;1;0;01/05/2016;2ª semana;13/05/2016;padaria;2016-05-01;2016-05-13
sptransp;230;1;0;0;01/05/2016;1ª semana;12/05/2016;transporte;2016-05-01;2016-05-12
pao/queijo;8;0;1;0;01/05/2016;2ª semana;12/05/2016;padaria;2016-05-01;2016-05-12
agua;3;0;1;0;01/05/2016;2ª semana;12/05/2016;alimentação;2016-05-01;2016-05-12
boleto predio ipesp;657.58;0;1;0;01/05/2016;2ª semana;11/05/2016;pessoal;2016-05-01;2016-05-11
agua;3;0;1;0;01/05/2016;2ª semana;11/05/2016;alimentação;2016-05-01;2016-05-11
pao;2;0;1;0;01/05/2016;2ª semana;11/05/2016;padaria;2016-05-01;2016-05-11
SEGURO CARTÃO;5.79;1;0;0;01/05/2016;1ª semana;10/05/2016;banco;2016-05-01;2016-05-10
SEGURO RESIDENCIA;45.74;1;0;0;01/05/2016;1ª semana;10/05/2016;banco;2016-05-01;2016-05-10
custo total aluguel;0;1;0;1;01/05/2016;1ª semana;10/05/2016;casa;2016-05-01;2016-05-10
cartão de credito;4424.82;1;0;0;01/05/2016;2ª semana;10/05/2016;cartão credito;2016-05-01;2016-05-10
jocum;0;1;0;1;01/05/2016;1ª semana;10/05/2016;benção;2016-05-01;2016-05-10
boleto moçambique;0;1;0;1;01/05/2016;2ª semana;10/05/2016;benção;2016-05-01;2016-05-10
dizimo;0;1;0;1;01/05/2016;2ª semana;10/05/2016;benção;2016-05-01;2016-05-10
net;703.21;1;0;0;01/05/2016;1ª semana;09/05/2016;casa;2016-05-01;2016-05-09
contador;145;1;0;0;01/05/2016;2ª semana;09/05/2016;contador;2016-05-01;2016-05-09
csll tri - boleto - 1,88;198.66;1;0;0;10/03/2016;2ª semana;09/05/2016;imposto;2016-03-01;2016-05-09
irpj - boleto - 0,90;95.11;1;0;0;10/03/2016;2ª semana;09/05/2016;imposto;2016-03-01;2016-05-09
luz;76.66;1;0;0;01/05/2016;2ª semana;09/05/2016;casa;2016-05-01;2016-05-09
almoço;23;0;1;0;01/05/2016;2ª semana;09/05/2016;almoço;2016-05-01;2016-05-09
agua / salada de furta;8;0;1;0;01/05/2016;2ª semana;09/05/2016;alimentação;2016-05-01;2016-05-09
almoço - dia das maes;144.6;0;1;0;01/05/2016;fim de semana;08/05/2016;almoço;2016-05-01;2016-05-08
pastel;10;0;1;0;01/05/2016;fim de semana;07/05/2016;alimentação;2016-05-01;2016-05-07
caldo de cana;10;0;1;0;01/05/2016;fim de semana;07/05/2016;alimentação;2016-05-01;2016-05-07
almoço;28;0;1;0;01/05/2016;1ª semana;05/05/2016;almoço;2016-05-01;2016-05-05
agua bolacha;10;0;1;0;01/05/2016;1ª semana;05/05/2016;alimentação;2016-05-01;2016-05-05
mercado;206.91;0;1;0;01/05/2016;1ª semana;05/05/2016;mercado;2016-05-01;2016-05-05
lanche padaria;10;0;1;0;01/05/2016;1ª semana;04/05/2016;alimentação;2016-05-01;2016-05-04
lanche;6.6;0;1;0;01/05/2016;1ª semana;04/05/2016;alimentação;2016-05-01;2016-05-04
estacionamento;13;0;1;0;01/05/2016;1ª semana;04/05/2016;carro;2016-05-01;2016-05-04
almoço;28;0;1;0;01/05/2016;1ª semana;04/05/2016;almoço;2016-05-01;2016-05-04
almoço;24;0;1;0;01/05/2016;1ª semana;04/05/2016;almoço;2016-05-01;2016-05-04
chocolate;10;0;1;0;01/05/2016;1ª semana;04/05/2016;alimentação;2016-05-01;2016-05-04
farmacia;45;0;1;0;01/05/2016;1ª semana;04/05/2016;farmacia;2016-05-01;2016-05-04
café;10;0;1;0;01/05/2016;1ª semana;04/05/2016;alimentação;2016-05-01;2016-05-04
TAR PACOTEIU3 MENS ABR16 ;51;1;0;0;01/05/2016;4ª semana;03/05/2016;banco;2016-05-01;2016-05-03
agua;6;0;1;0;01/05/2016;1ª semana;03/05/2016;alimentação;2016-05-01;2016-05-03
salada de fruta;6;0;1;0;01/05/2016;1ª semana;03/05/2016;alimentação;2016-05-01;2016-05-03
custo desconhecido;63;0;1;0;01/05/2016;1ª semana;03/05/2016;divergente;2016-05-01;2016-05-03
café;10;0;1;0;01/05/2016;1ª semana;03/05/2016;alimentação;2016-05-01;2016-05-03
livro;25;0;1;0;01/05/2016;fim de semana;01/05/2016;pessoal;2016-05-01;2016-05-01
mc donalds;59;0;1;0;01/05/2016;fim de semana;01/05/2016;alimentação;2016-05-01;2016-05-01
feira;110;0;1;0;01/05/2016;fim de semana;01/05/2016;feira;2016-05-01;2016-05-01
benção;100;0;1;0;01/05/2016;fim de semana;01/05/2016;benção;2016-05-01;2016-05-01
mercado;20;0;1;0;01/05/2016;fim de semana;01/05/2016;mercado;2016-05-01;2016-05-01
pastel/caldo cana;4;0;1;0;01/05/2016;fim de semana;01/05/2016;alimentação;2016-05-01;2016-05-01
estacionamento;13;1;0;0;01/04/2016;3ª semana;29/04/2016;carro;2016-04-01;2016-04-29
lanche;4;1;0;0;01/04/2016;3ª semana;29/04/2016;alimentação;2016-04-01;2016-04-29
michelle;10;1;0;0;01/04/2016;3ª semana;29/04/2016;michelle;2016-04-01;2016-04-29
saque;23;1;0;0;01/04/2016;3ª semana;29/04/2016;saque;2016-04-01;2016-04-29
agua / bolacha;12.99;1;0;0;01/04/2016;3ª semana;27/04/2016;alimentação;2016-04-01;2016-04-27
livro;42.9;1;0;0;01/04/2016;3ª semana;26/04/2016;pessoal;2016-04-01;2016-04-26
comgas;32.2;1;0;0;01/04/2016;1ª semana;22/04/2016;casa;2016-04-01;2016-04-22
café capsula;5.8;1;0;0;01/04/2016;2ª semana;20/04/2016;alimentação;2016-04-01;2016-04-20
pagar mae;70;1;0;0;01/04/2016;2ª semana;18/04/2016;pessoal;2016-04-01;2016-04-18
café padaria;10;1;0;0;01/04/2016;2ª semana;18/04/2016;alimentação;2016-04-01;2016-04-18
café capsula;6;1;0;0;01/04/2016;2ª semana;18/04/2016;alimentação;2016-04-01;2016-04-18
café starbucks;9.9;1;0;0;01/04/2016;2ª semana;18/04/2016;alimentação;2016-04-01;2016-04-18
dizimo;1350;1;0;0;01/04/2016;2ª semana;17/04/2016;benção;2016-04-01;2016-04-17
feira;113;1;0;0;01/04/2016;fim de semana;16/04/2016;feira;2016-04-01;2016-04-16
cabelereiro;20;1;0;0;01/04/2016;fim de semana;16/04/2016;pessoal;2016-04-01;2016-04-16
cd seara urbana;10;1;0;0;01/04/2016;fim de semana;16/04/2016;pessoal;2016-04-01;2016-04-16
emprestimo;20;1;0;0;01/04/2016;fim de semana;16/04/2016;pessoal;2016-04-01;2016-04-16
feijoada - jocum;57;1;0;0;01/04/2016;fim de semana;16/04/2016;almoço;2016-04-01;2016-04-16
lava carro;50;1;0;0;01/04/2016;2ª semana;15/04/2016;carro;2016-04-01;2016-04-15
luz;79.04;1;0;0;01/04/2016;1ª semana;14/04/2016;casa;2016-04-01;2016-04-14
agua / bolacha;7.55;1;0;0;01/04/2016;2ª semana;14/04/2016;alimentação;2016-04-01;2016-04-14
emprestimo;0;1;0;0;01/04/2016;2ª semana;14/04/2016;pessoal;2016-04-01;2016-04-14
estacionamento;15;1;0;0;01/04/2016;2ª semana;14/04/2016;carro;2016-04-01;2016-04-14
habibs;55.4;1;0;0;01/04/2016;2ª semana;13/04/2016;alimentação;2016-04-01;2016-04-13
café;7.5;1;0;0;01/04/2016;2ª semana;13/04/2016;alimentação;2016-04-01;2016-04-13
sorvete;11.75;1;0;0;01/04/2016;2ª semana;13/04/2016;alimentação;2016-04-01;2016-04-13
sptransp;230;1;0;0;01/04/2016;1ª semana;12/04/2016;transporte;2016-04-01;2016-04-12
saque;10;1;0;0;01/04/2016;2ª semana;12/04/2016;saque;2016-04-01;2016-04-12
café;6.45;1;0;0;01/04/2016;2ª semana;12/04/2016;alimentação;2016-04-01;2016-04-12
custo total aluguel;1404.66;1;0;0;01/04/2016;1ª semana;11/04/2016;casa;2016-04-01;2016-04-11
agua / biscoito;8.98;1;0;0;01/04/2016;2ª semana;11/04/2016;alimentação;2016-04-01;2016-04-11
SEGURO CARTÃO;5.32;1;0;0;01/04/2016;1ª semana;10/04/2016;banco;2016-04-01;2016-04-10
UNICEF;50;1;0;0;01/04/2016;1ª semana;10/04/2016;doação;2016-04-01;2016-04-10
TAXA CONTA JURIDICA;64;1;0;0;01/04/2016;1ª semana;10/04/2016;banco;2016-04-01;2016-04-10
SEGURO RESIDENCIA;45.74;1;0;0;01/04/2016;1ª semana;10/04/2016;banco;2016-04-01;2016-04-10
net;455.79;1;0;0;01/04/2016;1ª semana;10/04/2016;casa;2016-04-01;2016-04-10
consorcio;600.21;1;0;0;01/04/2016;1ª semana;10/04/2016;investimento;2016-04-01;2016-04-10
contador;145;1;0;0;01/04/2016;1ª semana;10/04/2016;contador;2016-04-01;2016-04-10
csll tri - boleto - 1,88;144.76;1;0;0;01/04/2016;1ª semana;10/04/2016;imposto;2016-04-01;2016-04-10
irpj - boleto - 0,90;69.3;1;0;0;01/04/2016;1ª semana;10/04/2016;imposto;2016-04-01;2016-04-10
cartão de credito;2370.59;1;0;0;01/04/2016;2ª semana;10/04/2016;cartão credito;2016-04-01;2016-04-10
TAXA CONTA FISICA;0;1;0;0;01/04/2016;4ª semana;10/04/2016;banco;2016-04-01;2016-04-10
seguro;521.75;1;0;0;01/04/2016;2ª semana;10/04/2016;casa;2016-04-01;2016-04-10
conta juridica;3;1;0;0;01/04/2016;1ª semana;10/04/2016;banco;2016-04-01;2016-04-10
feira;70;1;0;0;01/04/2016;fim de semana;10/04/2016;feira;2016-04-01;2016-04-10
estacionamento;7;1;0;0;01/04/2016;fim de semana;10/04/2016;carro;2016-04-01;2016-04-10
refrigerante/sucos;23;1;0;0;01/04/2016;fim de semana;10/04/2016;alimentação;2016-04-01;2016-04-10
jocum;250;1;0;0;01/04/2016;fim de semana;09/04/2016;benção;2016-04-01;2016-04-09
agua;5;1;0;0;01/04/2016;fim de semana;09/04/2016;alimentação;2016-04-01;2016-04-09
refrigerante/sucos;30;1;0;0;01/04/2016;fim de semana;09/04/2016;alimentação;2016-04-01;2016-04-09
biblia evangelismo;79;1;0;0;01/04/2016;1ª semana;08/04/2016;benção;2016-04-01;2016-04-08
agua;4;1;0;0;01/04/2016;1ª semana;08/04/2016;alimentação;2016-04-01;2016-04-08
ajuda universitario;4;1;0;0;01/04/2016;1ª semana;08/04/2016;doação;2016-04-01;2016-04-08
papel de embrulho evangelismo;7;1;0;0;01/04/2016;1ª semana;08/04/2016;benção;2016-04-01;2016-04-08
sptransp;60;0;1;0;01/03/2016;4ª semana;05/04/2016;transporte;2016-03-01;2016-04-05
lis/juros;1.52;0;1;0;01/03/2016;4ª semana;05/04/2016;banco;2016-03-01;2016-04-05
TAXA CONTA FISICA;51;1;0;0;01/03/2016;4ª semana;04/04/2016;banco;2016-03-01;2016-04-04
estacionamento;12;0;1;0;01/03/2016;fim de semana;02/04/2016;carro;2016-03-01;2016-04-02
ajuda rua;8;0;1;0;01/03/2016;fim de semana;02/04/2016;doação;2016-03-01;2016-04-02
iof;0.82;0;1;0;01/03/2016;3ª semana;01/04/2016;banco;2016-03-01;2016-04-01
sptransp;60;0;1;0;01/03/2016;3ª semana;29/03/2016;transporte;2016-03-01;2016-03-29
seguro;521.75;1;0;0;01/03/2016;4ª semana;28/03/2016;casa;2016-03-01;2016-03-28
estacionamento;200;0;1;0;01/03/2016;4ª semana;28/03/2016;carro;2016-03-01;2016-03-28
estacionamento;200;1;0;0;01/04/2016;2ª semana;28/03/2016;carro;2016-04-01;2016-03-28
ajuda rua;6;0;1;0;01/03/2016;3ª semana;21/03/2016;doação;2016-03-01;2016-03-21
dizimo michelle;100;0;1;0;01/03/2016;fim de semana;20/03/2016;benção;2016-03-01;2016-03-20
oferta;20;0;1;0;01/03/2016;fim de semana;20/03/2016;benção;2016-03-01;2016-03-20
feira;75;0;1;0;01/03/2016;fim de semana;19/03/2016;feira;2016-03-01;2016-03-19
cartão de credito;3526.26;1;0;0;01/03/2016;2ª semana;17/03/2016;cartão credito;2016-03-01;2016-03-17
michelle;50;0;1;0;01/03/2016;2ª semana;17/03/2016;michelle;2016-03-01;2016-03-17
agua;1;0;1;0;01/03/2016;2ª semana;16/03/2016;alimentação;2016-03-01;2016-03-16
desconhecido;91;0;1;0;01/03/2016;2ª semana;16/03/2016;divergente;2016-03-01;2016-03-16
sptransp;120;1;0;0;01/03/2016;4ª semana;14/03/2016;transporte;2016-03-01;2016-03-14
comgas;32.05;1;0;0;01/03/2016;1ª semana;14/03/2016;casa;2016-03-01;2016-03-14
mercado;109.81;0;1;0;01/03/2016;fim de semana;13/03/2016;mercado;2016-03-01;2016-03-13
feira;60;0;1;0;01/03/2016;fim de semana;13/03/2016;feira;2016-03-01;2016-03-13
benção;100;0;1;0;01/03/2016;fim de semana;13/03/2016;benção;2016-03-01;2016-03-13
padaria;21.63;0;1;0;01/03/2016;fim de semana;12/03/2016;padaria;2016-03-01;2016-03-12
futebol;26.5;0;1;0;01/03/2016;fim de semana;12/03/2016;lazer;2016-03-01;2016-03-12
pizzaria;27;0;1;0;01/03/2016;fim de semana;12/03/2016;alimentação;2016-03-01;2016-03-12
padaria;9.19;0;1;0;01/03/2016;1ª semana;11/03/2016;padaria;2016-03-01;2016-03-11
almoço;32;0;1;0;01/03/2016;1ª semana;11/03/2016;almoço;2016-03-01;2016-03-11
saque;20;0;1;0;01/02/2016;5ª semana;10/03/2016;saque;2016-02-01;2016-03-10
talao azul;7;0;1;0;01/02/2016;5ª semana;10/03/2016;transporte;2016-02-01;2016-03-10
SEGURO CARTÃO;5.32;1;0;0;01/03/2016;1ª semana;10/03/2016;banco;2016-03-01;2016-03-10
UNICEF;50;1;0;0;01/03/2016;1ª semana;10/03/2016;doação;2016-03-01;2016-03-10
TAXA CONTA JURIDICA;57;1;0;0;01/03/2016;1ª semana;10/03/2016;banco;2016-03-01;2016-03-10
SEGURO RESIDENCIA;45.74;1;0;0;01/03/2016;1ª semana;10/03/2016;banco;2016-03-01;2016-03-10
net;328.85;1;0;0;01/03/2016;1ª semana;10/03/2016;casa;2016-03-01;2016-03-10
consorcio;575.36;1;0;0;01/03/2016;1ª semana;10/03/2016;investimento;2016-03-01;2016-03-10
contador;190.2;1;0;0;01/03/2016;1ª semana;10/03/2016;contador;2016-03-01;2016-03-10
csll tri - boleto - 1,88;144.76;1;0;0;01/03/2016;1ª semana;10/03/2016;imposto;2016-03-01;2016-03-10
irpj - boleto - 0,90;69.3;1;0;0;01/03/2016;1ª semana;10/03/2016;imposto;2016-03-01;2016-03-10
custo total aluguel;1355.15;1;0;0;01/03/2016;1ª semana;10/03/2016;casa;2016-03-01;2016-03-10
luz;66.24;1;0;0;01/03/2016;1ª semana;10/03/2016;casa;2016-03-01;2016-03-10
boleto moçambique;0;1;0;1;01/03/2016;1ª semana;10/03/2016;benção;2016-03-01;2016-03-10
dizimo;0;1;0;1;01/03/2016;1ª semana;10/03/2016;benção;2016-03-01;2016-03-10
salgado;8.6;0;1;0;01/03/2016;1ª semana;10/03/2016;alimentação;2016-03-01;2016-03-10
mc donalds;32.5;0;1;0;01/03/2016;1ª semana;10/03/2016;alimentação;2016-03-01;2016-03-10
mercado;43.36;0;1;0;01/02/2016;5ª semana;09/03/2016;mercado;2016-02-01;2016-03-09
café;11.22;0;1;0;01/02/2016;5ª semana;09/03/2016;alimentação;2016-02-01;2016-03-09
agua / amemdoim;11.98;0;1;0;01/02/2016;5ª semana;09/03/2016;alimentação;2016-02-01;2016-03-09
chocolate / agua;11.77;0;1;0;01/02/2016;5ª semana;08/03/2016;alimentação;2016-02-01;2016-03-08
farmacia camisinha;23.96;0;1;0;01/02/2016;5ª semana;08/03/2016;farmacia;2016-02-01;2016-03-08
dicico;15.72;0;1;0;01/02/2016;fim de semana;05/03/2016;pessoal;2016-02-01;2016-03-05
saque;20;0;1;0;01/02/2016;fim de semana;05/03/2016;saque;2016-02-01;2016-03-05
cabelereiro;20;0;1;0;01/02/2016;fim de semana;05/03/2016;pessoal;2016-02-01;2016-03-05
lanche / chocolate / agua;20.37;0;1;0;01/02/2016;4ª semana;04/03/2016;alimentação;2016-02-01;2016-03-04
bala hortela;9.5;0;1;0;01/02/2016;4ª semana;04/03/2016;alimentação;2016-02-01;2016-03-04
pizzaria;63.86;0;1;0;01/02/2016;4ª semana;04/03/2016;alimentação;2016-02-01;2016-03-04
TAXA CONTA FISICA;48;1;0;0;01/02/2016;4ª semana;02/03/2016;banco;2016-02-01;2016-03-02
salgado;3.1;0;1;0;01/02/2016;4ª semana;02/03/2016;alimentação;2016-02-01;2016-03-02
salgado;7.6;0;1;0;01/02/2016;4ª semana;02/03/2016;alimentação;2016-02-01;2016-03-02
salgado;9.4;0;1;0;01/02/2016;4ª semana;02/03/2016;alimentação;2016-02-01;2016-03-02
drogaria mamadeira/leite;44.94;0;1;0;01/02/2016;4ª semana;01/03/2016;bebe;2016-02-01;2016-03-01
sptransp;120;1;0;0;01/02/2016;1ª semana;29/02/2016;transporte;2016-02-01;2016-02-29
sptransp;120;1;0;0;01/02/2016;4ª semana;29/02/2016;transporte;2016-02-01;2016-02-29
estacionamento;200;0;1;0;01/02/2016;4ª semana;28/02/2016;carro;2016-02-01;2016-02-28
saque;70;0;1;0;01/02/2016;fim de semana;27/02/2016;saque;2016-02-01;2016-02-27
feira;100;0;1;0;01/02/2016;fim de semana;27/02/2016;feira;2016-02-01;2016-02-27
carnes - hamburgao 1k;57.7;0;1;0;01/02/2016;fim de semana;27/02/2016;alimentação;2016-02-01;2016-02-27
benção;50;0;1;0;01/02/2016;fim de semana;27/02/2016;benção;2016-02-01;2016-02-27
michelle;50;0;1;0;01/02/2016;fim de semana;27/02/2016;michelle;2016-02-01;2016-02-27
alcool;50;0;1;0;01/02/2016;4ª semana;26/02/2016;carro;2016-02-01;2016-02-26
chocolate;2.5;0;1;0;01/02/2016;4ª semana;25/02/2016;alimentação;2016-02-01;2016-02-25
chocolate;23.9;0;1;0;01/02/2016;4ª semana;25/02/2016;alimentação;2016-02-01;2016-02-25
salgado;5.7;0;1;0;01/02/2016;4ª semana;24/02/2016;alimentação;2016-02-01;2016-02-24
benção;100;0;1;0;01/02/2016;fim de semana;21/02/2016;benção;2016-02-01;2016-02-21
taxi domingo;50;0;1;0;01/02/2016;fim de semana;21/02/2016;transporte;2016-02-01;2016-02-21
canelone;25.8;0;1;0;01/02/2016;fim de semana;21/02/2016;alimentação;2016-02-01;2016-02-21
carne - acem picadinho;40.35;0;1;0;01/02/2016;fim de semana;21/02/2016;alimentação;2016-02-01;2016-02-21
feira;70;0;1;0;01/02/2016;fim de semana;20/02/2016;feira;2016-02-01;2016-02-20
comgas;20.05;1;0;0;01/02/2016;fim de semana;20/02/2016;casa;2016-02-01;2016-02-20
saque;75;0;1;0;01/02/2016;fim de semana;20/02/2016;saque;2016-02-01;2016-02-20
padaria;34.64;0;1;0;01/02/2016;fim de semana;20/02/2016;padaria;2016-02-01;2016-02-20
padaria;25.75;0;1;0;01/02/2016;3ª semana;19/02/2016;padaria;2016-02-01;2016-02-19
chocolate;11.98;0;1;0;01/02/2016;3ª semana;19/02/2016;alimentação;2016-02-01;2016-02-19
csll tri - boleto - 1,88;144.76;1;0;0;01/02/2016;3ª semana;18/02/2016;imposto;2016-02-01;2016-02-18
irpj - boleto - 0,90;69.3;1;0;0;01/02/2016;3ª semana;18/02/2016;imposto;2016-02-01;2016-02-18
chocolate;9.9;0;1;0;01/02/2016;3ª semana;18/02/2016;alimentação;2016-02-01;2016-02-18
mercado;46.9;0;1;0;01/02/2016;3ª semana;18/02/2016;mercado;2016-02-01;2016-02-18
salgado trampo;5.7;0;1;0;01/02/2016;3ª semana;17/02/2016;alimentação;2016-02-01;2016-02-17
agua / bala;14.67;0;1;0;01/02/2016;3ª semana;17/02/2016;alimentação;2016-02-01;2016-02-17
café salgado;5;0;1;0;01/02/2016;3ª semana;16/02/2016;alimentação;2016-02-01;2016-02-16
chocolate;11.98;0;1;0;01/02/2016;3ª semana;16/02/2016;alimentação;2016-02-01;2016-02-16
convenio;137.16;0;1;0;01/02/2016;3ª semana;16/02/2016;convenio;2016-02-01;2016-02-16
consorcio;575.36;1;0;0;01/02/2016;3ª semana;15/02/2016;investimento;2016-02-01;2016-02-15
celular;30;0;1;0;01/02/2016;3ª semana;15/02/2016;celular;2016-02-01;2016-02-15
chocolatado;3.9;0;1;0;01/02/2016;3ª semana;15/02/2016;alimentação;2016-02-01;2016-02-15
coxinha;4.5;0;1;0;01/02/2016;3ª semana;15/02/2016;alimentação;2016-02-01;2016-02-15
futebol;125.31;0;1;0;01/02/2016;fim de semana;14/02/2016;lazer;2016-02-01;2016-02-14
feira;60;0;1;0;01/02/2016;fim de semana;14/02/2016;feira;2016-02-01;2016-02-14
mercado;50;0;1;0;01/02/2016;fim de semana;14/02/2016;mercado;2016-02-01;2016-02-14
cabelereiro;20;0;1;0;01/02/2016;fim de semana;13/02/2016;pessoal;2016-02-01;2016-02-13
agua;21;0;1;0;01/02/2016;fim de semana;13/02/2016;alimentação;2016-02-01;2016-02-13
ajuda campanha;4;0;1;0;01/02/2016;fim de semana;13/02/2016;doação;2016-02-01;2016-02-13
emprestimo;0;0;1;0;01/02/2016;fim de semana;13/02/2016;pessoal;2016-02-01;2016-02-13
agua futebol;5;0;1;0;01/02/2016;fim de semana;13/02/2016;alimentação;2016-02-01;2016-02-13
cartão de credito;1752.99;1;0;0;01/02/2016;2ª semana;12/02/2016;cartão credito;2016-02-01;2016-02-12
mercado;38.25;0;1;0;01/02/2016;2ª semana;12/02/2016;mercado;2016-02-01;2016-02-12
almoço;26;0;1;0;01/02/2016;2ª semana;11/02/2016;almoço;2016-02-01;2016-02-11
SEGURO CARTÃO;5.32;1;0;0;01/02/2016;1ª semana;10/02/2016;banco;2016-02-01;2016-02-10
UNICEF;50;1;0;0;01/02/2016;1ª semana;10/02/2016;doação;2016-02-01;2016-02-10
TAXA CONTA JURIDICA;64;1;0;0;01/02/2016;1ª semana;10/02/2016;banco;2016-02-01;2016-02-10
SEGURO RESIDENCIA;45.74;1;0;0;01/02/2016;1ª semana;10/02/2016;banco;2016-02-01;2016-02-10
net;325.52;1;0;0;01/02/2016;1ª semana;10/02/2016;casa;2016-02-01;2016-02-10
contador;145;1;0;0;01/02/2016;1ª semana;10/02/2016;contador;2016-02-01;2016-02-10
custo total aluguel;1344.23;1;0;0;01/02/2016;1ª semana;10/02/2016;casa;2016-02-01;2016-02-10
luz;81.31;1;0;0;01/02/2016;1ª semana;10/02/2016;casa;2016-02-01;2016-02-10
boleto moçambique;0;1;0;1;01/02/2016;2ª semana;10/02/2016;benção;2016-02-01;2016-02-10
dizimo;0;1;0;1;01/02/2016;2ª semana;10/02/2016;benção;2016-02-01;2016-02-10
almoço;20;0;1;0;01/02/2016;2ª semana;10/02/2016;almoço;2016-02-01;2016-02-10
feira;0;0;1;1;01/02/2016;2ª semana;10/02/2016;feira;2016-02-01;2016-02-10
convenio;0;0;1;1;01/02/2016;2ª semana;10/02/2016;saude;2016-02-01;2016-02-10
açougue;0;0;1;1;01/02/2016;2ª semana;10/02/2016;alimentação;2016-02-01;2016-02-10
padaria;0;0;1;1;01/02/2016;2ª semana;10/02/2016;padaria;2016-02-01;2016-02-10
mercado;270.18;0;1;0;01/02/2016;2ª semana;09/02/2016;mercado;2016-02-01;2016-02-09
praia;96;1;0;0;01/01/2016;5ª semana;08/02/2016;lazer;2016-01-01;2016-02-08
pedagio;35;1;0;0;01/01/2016;5ª semana;08/02/2016;carro;2016-01-01;2016-02-08
padaria;38;1;0;0;01/01/2016;fim de semana;07/02/2016;padaria;2016-01-01;2016-02-07
benção;50;1;0;0;01/01/2016;fim de semana;07/02/2016;benção;2016-01-01;2016-02-07
padaria;20;1;0;0;01/01/2016;fim de semana;07/02/2016;padaria;2016-01-01;2016-02-07
cds;10;1;0;0;01/01/2016;fim de semana;07/02/2016;pessoal;2016-01-01;2016-02-07
feira;63;1;0;0;01/01/2016;fim de semana;06/02/2016;feira;2016-01-01;2016-02-06
manicure;65;1;0;0;01/01/2016;fim de semana;06/02/2016;pessoal;2016-01-01;2016-02-06
pastel/caldo cana;24;1;0;0;01/01/2016;fim de semana;06/02/2016;alimentação;2016-01-01;2016-02-06
padaria;29.07;1;0;0;01/01/2016;4ª semana;05/02/2016;padaria;2016-01-01;2016-02-05
agua;6;1;0;0;01/01/2016;4ª semana;05/02/2016;alimentação;2016-01-01;2016-02-05
panetone;24.99;1;0;0;01/01/2016;4ª semana;05/02/2016;alimentação;2016-01-01;2016-02-05
TAXA CONTA FISICA;45;1;0;0;01/01/2016;5ª semana;04/02/2016;banco;2016-01-01;2016-02-04
almoço;28;1;0;0;01/01/2016;4ª semana;04/02/2016;almoço;2016-01-01;2016-02-04
salgado;4;1;0;0;01/01/2016;4ª semana;02/02/2016;alimentação;2016-01-01;2016-02-02
suco;3;1;0;0;01/01/2016;4ª semana;02/02/2016;alimentação;2016-01-01;2016-02-02
cartao da michelle;68.12;1;0;0;01/01/2016;4ª semana;02/02/2016;michelle;2016-01-01;2016-02-02
salgado;3.8;1;0;0;01/01/2016;4ª semana;02/02/2016;alimentação;2016-01-01;2016-02-02
convenio samuel;140;1;0;0;01/01/2016;4ª semana;01/02/2016;saude;2016-01-01;2016-02-01
agua;3;1;0;0;01/01/2016;4ª semana;01/02/2016;alimentação;2016-01-01;2016-02-01
saque;15;1;0;0;01/01/2016;4ª semana;01/02/2016;saque;2016-01-01;2016-02-01
saque;50;1;0;0;01/01/2016;4ª semana;01/02/2016;saque;2016-01-01;2016-02-01
feira;63;1;0;0;01/01/2016;fim de semana;31/01/2016;feira;2016-01-01;2016-01-31
seminario weslyana;25;1;0;0;01/01/2016;fim de semana;30/01/2016;benção;2016-01-01;2016-01-30
sptransp;230;1;0;0;01/01/2016;2ª semana;29/01/2016;transporte;2016-01-01;2016-01-29
padaria;56.83;1;0;0;01/01/2016;3ª semana;29/01/2016;padaria;2016-01-01;2016-01-29
chocolate;6.75;1;0;0;01/01/2016;3ª semana;29/01/2016;alimentação;2016-01-01;2016-01-29
convenio caio;352.66;1;0;0;01/01/2016;3ª semana;28/01/2016;saude;2016-01-01;2016-01-28
padaria;13.45;1;0;0;01/01/2016;3ª semana;27/01/2016;padaria;2016-01-01;2016-01-27
portas abertas;92;1;0;0;01/01/2016;3ª semana;27/01/2016;benção;2016-01-01;2016-01-27
agua / chocolate;7;1;0;0;01/01/2016;3ª semana;27/01/2016;alimentação;2016-01-01;2016-01-27
almoço;23.03;1;0;0;01/01/2016;3ª semana;26/01/2016;almoço;2016-01-01;2016-01-26
salgado;9.9;1;0;0;01/01/2016;3ª semana;26/01/2016;alimentação;2016-01-01;2016-01-26
agua / café;4;1;0;0;01/01/2016;3ª semana;25/01/2016;alimentação;2016-01-01;2016-01-25
agua / café;3.9;1;0;0;01/01/2016;3ª semana;25/01/2016;alimentação;2016-01-01;2016-01-25
sorvete;10;1;0;0;01/01/2016;3ª semana;25/01/2016;alimentação;2016-01-01;2016-01-25
sptransp;100;1;0;0;01/01/2016;3ª semana;25/01/2016;transporte;2016-01-01;2016-01-25
feira;74;1;0;0;01/01/2016;fim de semana;24/01/2016;feira;2016-01-01;2016-01-24
bacon;6;1;0;0;01/01/2016;fim de semana;24/01/2016;alimentação;2016-01-01;2016-01-24
mercado;7;1;0;0;01/01/2016;fim de semana;24/01/2016;mercado;2016-01-01;2016-01-24
toalha de mesa;3.9;1;0;0;01/01/2016;fim de semana;23/01/2016;pessoal;2016-01-01;2016-01-23
sorvete;10;1;0;0;01/01/2016;fim de semana;23/01/2016;alimentação;2016-01-01;2016-01-23
padaria;43.78;1;0;0;01/01/2016;2ª semana;22/01/2016;padaria;2016-01-01;2016-01-22
consorcio lance contemplado;1000;1;0;0;01/01/2016;2ª semana;22/01/2016;investimento;2016-01-01;2016-01-22
tarifa consorcio;53.24;1;0;0;01/01/2016;2ª semana;22/01/2016;banco;2016-01-01;2016-01-22
tarifa consorcio;330;1;0;0;01/01/2016;2ª semana;22/01/2016;banco;2016-01-01;2016-01-22
sorvete;9;1;0;0;01/01/2016;2ª semana;20/01/2016;alimentação;2016-01-01;2016-01-20
chocolate;15.25;1;0;0;01/01/2016;2ª semana;20/01/2016;alimentação;2016-01-01;2016-01-20
bala hortela;11;1;0;0;01/01/2016;2ª semana;20/01/2016;alimentação;2016-01-01;2016-01-20
agua;4.18;1;0;0;01/01/2016;2ª semana;19/01/2016;alimentação;2016-01-01;2016-01-19
mercado;126.3;1;0;0;01/01/2016;2ª semana;19/01/2016;mercado;2016-01-01;2016-01-19
feira;80;1;0;0;01/01/2016;fim de semana;17/01/2016;feira;2016-01-01;2016-01-17
benção;20;1;0;0;01/01/2016;fim de semana;17/01/2016;benção;2016-01-01;2016-01-17
hipogloss/sabonete;38.64;1;0;0;01/01/2016;fim de semana;17/01/2016;farmacia;2016-01-01;2016-01-17
mercado;30;1;0;0;01/01/2016;fim de semana;16/01/2016;mercado;2016-01-01;2016-01-16
cabelereiro;20;1;0;0;01/01/2016;fim de semana;16/01/2016;pessoal;2016-01-01;2016-01-16
UNICEF;50;1;0;0;01/01/2016;1ª semana;15/01/2016;doação;2016-01-01;2016-01-15
consorcio;575.36;1;0;0;01/01/2016;1ª semana;15/01/2016;investimento;2016-01-01;2016-01-15
salgado;3;1;0;0;01/01/2016;1ª semana;15/01/2016;alimentação;2016-01-01;2016-01-15
mercado;25.79;1;0;0;01/01/2016;1ª semana;15/01/2016;mercado;2016-01-01;2016-01-15
chocolate;26;1;0;0;01/01/2016;1ª semana;15/01/2016;alimentação;2016-01-01;2016-01-15
benção;50;1;0;0;01/01/2016;1ª semana;15/01/2016;benção;2016-01-01;2016-01-15
bolacha metro;7.88;1;0;0;01/01/2016;1ª semana;14/01/2016;alimentação;2016-01-01;2016-01-14
contador;130;1;0;0;01/01/2016;1ª semana;13/01/2016;contador;2016-01-01;2016-01-13
csll tri - boleto - 1,88;139.14;1;0;0;01/01/2016;1ª semana;13/01/2016;imposto;2016-01-01;2016-01-13
irpj - boleto - 0,90;66.61;1;0;0;01/01/2016;1ª semana;13/01/2016;imposto;2016-01-01;2016-01-13
chocolate;6.8;1;0;0;01/01/2016;1ª semana;13/01/2016;alimentação;2016-01-01;2016-01-13
agua;2.99;1;0;0;01/01/2016;1ª semana;12/01/2016;alimentação;2016-01-01;2016-01-12
café/salgado;7;1;0;0;01/01/2016;1ª semana;12/01/2016;alimentação;2016-01-01;2016-01-12
mercado;32.68;1;0;0;01/01/2016;1ª semana;12/01/2016;mercado;2016-01-01;2016-01-12
café/salgado;3;1;0;0;01/01/2016;1ª semana;12/01/2016;alimentação;2016-01-01;2016-01-12
acentona;3.5;1;0;0;01/01/2016;1ª semana;12/01/2016;pessoal;2016-01-01;2016-01-12
SEGURO RESIDENCIA;45.2;1;0;0;01/12/2016;2ª semana;12/01/2016;banco;2016-12-01;2016-01-12
SEGURO CARTÃO;5.79;1;0;0;01/12/2016;2ª semana;12/01/2016;banco;2016-12-01;2016-01-12
SEGURO CARTÃO;5.32;1;0;0;01/01/2016;1ª semana;11/01/2016;banco;2016-01-01;2016-01-11
SEGURO RESIDENCIA;45.74;1;0;0;01/01/2016;1ª semana;11/01/2016;banco;2016-01-01;2016-01-11
luz;94.74;1;0;0;01/01/2016;1ª semana;11/01/2016;casa;2016-01-01;2016-01-11
cartão de credito;3242.88;1;0;0;01/01/2016;1ª semana;11/01/2016;cartão credito;2016-01-01;2016-01-11
mercado;38.6;1;0;0;01/01/2016;1ª semana;11/01/2016;mercado;2016-01-01;2016-01-11
chocolate;17.8;1;0;0;01/01/2016;1ª semana;11/01/2016;alimentação;2016-01-01;2016-01-11
café;6.5;1;0;0;01/01/2016;1ª semana;11/01/2016;alimentação;2016-01-01;2016-01-11
TAXA CONTA JURIDICA;60;1;0;0;01/01/2016;1ª semana;10/01/2016;banco;2016-01-01;2016-01-10
net;302.58;1;0;0;01/01/2016;fim de semana;10/01/2016;casa;2016-01-01;2016-01-10
custo total aluguel;1327.41;1;0;0;01/01/2016;fim de semana;10/01/2016;casa;2016-01-01;2016-01-10
boleto moçambique;50;1;0;0;01/01/2016;1ª semana;10/01/2016;benção;2016-01-01;2016-01-10
dizimo;0;1;0;0;01/01/2016;1ª semana;10/01/2016;benção;2016-01-01;2016-01-10
padaria;20.5;1;0;0;01/01/2016;fim de semana;10/01/2016;padaria;2016-01-01;2016-01-10
feira;75;1;0;0;01/01/2016;fim de semana;10/01/2016;feira;2016-01-01;2016-01-10
mercado;25;1;0;0;01/01/2016;fim de semana;10/01/2016;mercado;2016-01-01;2016-01-10
açougue;66.12;1;0;0;01/01/2016;fim de semana;10/01/2016;alimentação;2016-01-01;2016-01-10
benção;100;1;0;0;01/01/2016;1ª semana;08/01/2016;benção;2016-01-01;2016-01-08
